Workbook

Sheet Overview
B2: UNZA | Health Insurance & NHIMA
B3: Ridgeway Campus student survey • 21 Aug – 29 Sep 2026 • 358 original responses • Report dated 02 Oct 2026
B5: Sex | F5: Year of study | J5: Programme | N5: Insurance registration
B6: All | F6: All | J6: All | N6: All
B7: Change the four yellow dropdowns to explore a cohort. All cards, dashboard charts and detailed summaries recalculate.
B9: RESPONDENTS | F9: ADEQUATE OVERALL | J9: MEAN OVERALL SCORE | N9: ADEQUATE NHIMA
B10: ='Cohort analysis'!C6 -> 358 | F10: ='Cohort analysis'!C8 -> 0.27932961 | J10: ='Cohort analysis'!C9 -> 9.7430168 | N10: ='Cohort analysis'!C15 -> 0.20786517
B12: ="Selected cohort | total 358" -> Selected cohort | total 358 | F12: ="n = "&'Cohort analysis'!C7&" | threshold "&Codebook!C8&"/19" -> n = 100 | threshold 12/19 | J12: ="Out of 19 correct answers" -> Out of 19 correct answers | N12: ="n = "&'Cohort analysis'!C14&" / "&'Cohort analysis'!C13&" valid" -> n = 74 / 356 valid
B14: HEALTH-INSURANCE ADEQUACY | F14: REGISTERED WITH INSURANCE | J14: SOCIAL-MEDIA REACH | N14: BENEFITS + LIMITATIONS
B15: ='Cohort analysis'!C11 -> 0.59217877 | F15: ='Cohort analysis'!C19 -> 0.38547486 | J15: ='Cohort analysis'!C21 -> 0.70391061 | N15: ='Cohort analysis'!C17 -> 6.1396648
B30: Rates use selected valid respondents. Programme rates are descriptive; full-sample tests are on Associations.
B44: Priority items are the five lowest B/C items in the full sample; cohort filters update their rates, not the selected item set. F2 sources are multi-select.
B46: Interpretation & next steps
B47: ="Full sample: 27.9% overall adequate; 20.8% NHIMA adequate. Current cohort: "&TEXT('Cohort analysis'!C8,"0.0%")&" overall adequate. Prioritise NHIMA orientation and targeted misconceptions." -> Full sample: 27.9% overall adequate; 20.8% NHIMA adequate. Current cohort: 27.9% overall adequate. Prioritise NHIMA orientation and targeted misconceptions.
B49: Provisional scoring key: validate policy-specific NHIMA answers before final use. NHIMA valid n = 356; overall n = 358 retains two incomplete C blocks with missing items scored zero.
B51: Cohort analysis | F51: Item results | J51: Associations | N51: Notes
B53: Responses | F53: Codebook
B55: Sources: supplied response workbook + UNZA analysis report dated 02 Oct 2026. Created 06 Oct 2026. All charts and formulas are native Excel; no macros.

Sheet Cohort analysis
B1: Back to dashboard
B2: Cohort analysis
B3: All results on this sheet follow the four dashboard dropdowns. Percentages use explicit valid-response denominators.
B5: Metric | C5: Value | D5: Denominator | E5: Definition
B6: Selected respondents | C6: =SUM('Responses'!$S$6:$S$363) -> 358 | D6: =C6 -> 358 | E6: Filter-matched survey records
B7: Adequate overall | C7: =SUMIFS('Responses'!$L$6:$L$363,'Responses'!$S$6:$S$363,1) -> 100 | D7: =C6 -> 358 | E7: Overall score meets editable threshold (default 12/19)
B8: Overall adequacy rate | C8: =IFERROR(C7/C6,0) -> 0.27932961 | D8: =C6 -> 358 | E8: All selected respondents, matching report convention
B9: Mean overall score | C9: =IFERROR(SUMIFS('Responses'!$K$6:$K$363,'Responses'!$S$6:$S$363,1)/C6,0) -> 9.7430168 | D9: =C6 -> 358 | E9: Score out of 19; missing C items contribute zero
B10: Adequate health insurance | C10: =COUNTIFS('Responses'!$I$6:$I$363,">="&Codebook!$C$6,'Responses'!$S$6:$S$363,1) -> 212 | D10: =C6 -> 358 | E10: B1–B10 threshold (default 6/10)
B11: Health-insurance adequacy rate | C11: =IFERROR(C10/C6,0) -> 0.59217877 | D11: =C6 -> 358 | E11: All selected respondents
B12: Mean health-insurance score | C12: =IFERROR(SUMIFS('Responses'!$I$6:$I$363,'Responses'!$S$6:$S$363,1)/C6,0) -> 5.5251397 | D12: =C6 -> 358 | E12: Score out of 10
B13: Valid NHIMA scores | C13: =SUMIFS('Responses'!$M$6:$M$363,'Responses'!$S$6:$S$363,1) -> 356 | D13: =C6 -> 358 | E13: Complete B/C records (B complete in source)
B14: Adequate NHIMA | C14: =COUNTIFS('Responses'!$J$6:$J$363,">="&Codebook!$C$7,'Responses'!$S$6:$S$363,1,'Responses'!$M$6:$M$363,1) -> 74 | D14: =C13 -> 356 | E14: C2–C10 threshold (default 6/9)
B15: NHIMA adequacy rate | C15: =IFERROR(C14/C13,0) -> 0.20786517 | D15: =C13 -> 356 | E15: Only respondents with complete NHIMA blocks
B16: Mean NHIMA score | C16: =IFERROR(SUMIFS('Responses'!$J$6:$J$363,'Responses'!$S$6:$S$363,1)/C13,0) -> 4.241573 | D16: =C13 -> 356 | E16: Score out of 9; missing blocks excluded
B17: Mean benefits + limitations | C17: =IFERROR(SUMIFS('Responses'!$P$6:$P$363,'Responses'!$S$6:$S$363,1)/C6,0) -> 6.1396648 | D17: =C6 -> 358 | E17: Score out of 14; not part of overall adequacy
B18: Registered with insurance | C18: =COUNTIFS('Responses'!$H$6:$H$363,"Yes",'Responses'!$S$6:$S$363,1) -> 138 | D18: =C6 -> 358 | E18: Any scheme, not necessarily NHIMA
B19: Insurance registration rate | C19: =IFERROR(C18/C6,0) -> 0.38547486 | D19: =C6 -> 358 | E19: Yes / all selected respondents
B20: Social media selected | C20: =SUMIFS('Responses'!$BE$6:$BE$363,'Responses'!$S$6:$S$363,1) -> 252 | D20: =C6 -> 358 | E20: Multi-select F2 source question
B21: Social media reach | C21: =IFERROR(C20/C6,0) -> 0.70391061 | D21: =C6 -> 358 | E21: May overlap with other information sources
B22: Wants more information | C22: =COUNTIFS('Responses'!$Q$6:$Q$363,"Yes",'Responses'!$S$6:$S$363,1) -> 158 | D22: =C23 -> 354 | E22: F4 response = Yes
B23: Valid information-interest responses | C23: =COUNTIFS('Responses'!$S$6:$S$363,1,'Responses'!$Q$6:$Q$363,"<>") -> 354 | D23: =C6 -> 358 | E23: Excludes four missing F4 responses
B24: Desire for more information rate | C24: =IFERROR(C22/C23,0) -> 0.44632768 | D24: =C23 -> 354 | E24: Yes / nonmissing F4 responses
B25: Incomplete NHIMA blocks | C25: =C6-C13 -> 2 | D25: =C6 -> 358 | E25: Missing C2–C10 responses
B27: Overall score SD | C27: =IFERROR(SQRT(MAX(0,(SUMPRODUCT('Responses'!$S$6:$S$363,'Responses'!$K$6:$K$363,'Responses'!$K$6:$K$363)-C6*C9^2)/(C6-1))),0) -> 3.7871808 | D27: =C6 -> 358 | E27: Sample standard deviation; zero shown if fewer than two respondents.
B28: Overall score median | C28: {=IFERROR(MEDIAN(IF('Responses'!$S$6:$S$363=1,'Responses'!$K$6:$K$363)),0)} -> 10 | D28: =C6 -> 358 | E28: Median of selected overall scores.
B29: Mean covered-benefit score | C29: =IFERROR(SUMIFS('Responses'!$N$6:$N$363,'Responses'!$S$6:$S$363,1)/C6,0) -> 4.3435754 | D29: =C6 -> 358 | E29: D1–D8 score out of 8.
B30: Mean limitations score | C30: =IFERROR(SUMIFS('Responses'!$O$6:$O$363,'Responses'!$S$6:$S$363,1)/C6,0) -> 1.7960894 | D30: =C6 -> 358 | E30: E1–E6 score out of 6.
B32: Domain adequacy
B33: Domain | C33: Adequate | D33: Valid n | E33: Adequate %
B34: Health insurance | C34: =C10 -> 212 | D34: =C6 -> 358 | E34: =IFERROR(C34/D34,0) -> 0.59217877 | K34: Health insurance
B35: NHIMA awareness | C35: =C14 -> 74 | D35: =C13 -> 356 | E35: =IFERROR(C35/D35,0) -> 0.20786517 | K35: NHIMA awareness
B36: Overall knowledge / awareness | C36: =C7 -> 100 | D36: =C6 -> 358 | E36: =IFERROR(C36/D36,0) -> 0.27932961 | K36: Overall
B40: Adequacy by programme
B41: Programme | C41: Selected n | D41: Adequate n | E41: Adequate %
B42: Public Health | C42: =COUNTIFS('Responses'!$G$6:$G$363,B42,'Responses'!$S$6:$S$363,1) -> 95 | D42: =SUMIFS('Responses'!$L$6:$L$363,'Responses'!$G$6:$G$363,B42,'Responses'!$S$6:$S$363,1) -> 35 | E42: =IFERROR(D42/C42,0) -> 0.36842105 | K42: Public Health
B43: Medicine | C43: =COUNTIFS('Responses'!$G$6:$G$363,B43,'Responses'!$S$6:$S$363,1) -> 55 | D43: =SUMIFS('Responses'!$L$6:$L$363,'Responses'!$G$6:$G$363,B43,'Responses'!$S$6:$S$363,1) -> 19 | E43: =IFERROR(D43/C43,0) -> 0.34545455 | K43: Medicine
B44: Nursing Sciences | C44: =COUNTIFS('Responses'!$G$6:$G$363,B44,'Responses'!$S$6:$S$363,1) -> 80 | D44: =SUMIFS('Responses'!$L$6:$L$363,'Responses'!$G$6:$G$363,B44,'Responses'!$S$6:$S$363,1) -> 22 | E44: =IFERROR(D44/C44,0) -> 0.275 | K44: Nursing
B45: Pharmacy | C45: =COUNTIFS('Responses'!$G$6:$G$363,B45,'Responses'!$S$6:$S$363,1) -> 64 | D45: =SUMIFS('Responses'!$L$6:$L$363,'Responses'!$G$6:$G$363,B45,'Responses'!$S$6:$S$363,1) -> 17 | E45: =IFERROR(D45/C45,0) -> 0.265625 | K45: Pharmacy
B46: Other Ridgeway Health Sciences programme | C46: =COUNTIFS('Responses'!$G$6:$G$363,B46,'Responses'!$S$6:$S$363,1) -> 64 | D46: =SUMIFS('Responses'!$L$6:$L$363,'Responses'!$G$6:$G$363,B46,'Responses'!$S$6:$S$363,1) -> 7 | E46: =IFERROR(D46/C46,0) -> 0.109375 | K46: Other health sciences
B50: Information sources | multi-select
B51: Source | C51: Selected n | D51: Respondents | E51: Reach %
B52: Social media | C52: =SUMIFS('Responses'!$BE$6:$BE$363,'Responses'!$S$6:$S$363,1) -> 252 | D52: =C6 -> 358 | E52: =IFERROR(C52/D52,0) -> 0.70391061
B53: Radio / TV | C53: =SUMIFS('Responses'!$BC$6:$BC$363,'Responses'!$S$6:$S$363,1) -> 245 | D53: =C6 -> 358 | E53: =IFERROR(C53/D53,0) -> 0.68435754
B54: Family | C54: =SUMIFS('Responses'!$BF$6:$BF$363,'Responses'!$S$6:$S$363,1) -> 138 | D54: =C6 -> 358 | E54: =IFERROR(C54/D54,0) -> 0.38547486
B55: Friends / students | C55: =SUMIFS('Responses'!$BG$6:$BG$363,'Responses'!$S$6:$S$363,1) -> 132 | D55: =C6 -> 358 | E55: =IFERROR(C55/D55,0) -> 0.36871508
B56: Coursework / lectures | C56: =SUMIFS('Responses'!$BH$6:$BH$363,'Responses'!$S$6:$S$363,1) -> 93 | D56: =C6 -> 358 | E56: =IFERROR(C56/D56,0) -> 0.25977654
B57: Print media | C57: =SUMIFS('Responses'!$BD$6:$BD$363,'Responses'!$S$6:$S$363,1) -> 86 | D57: =C6 -> 358 | E57: =IFERROR(C57/D57,0) -> 0.24022346
B58: NHIMA outreach / offices | C58: =SUMIFS('Responses'!$BI$6:$BI$363,'Responses'!$S$6:$S$363,1) -> 48 | D58: =C6 -> 358 | E58: =IFERROR(C58/D58,0) -> 0.13407821
B59: Health facility staff | C59: =SUMIFS('Responses'!$BJ$6:$BJ$363,'Responses'!$S$6:$S$363,1) -> 43 | D59: =C6 -> 358 | E59: =IFERROR(C59/D59,0) -> 0.12011173
B61: Multi-select sources are counted once per respondent per option; percentages can add to more than 100%. Social-media option contains commas and was matched as a complete label, not split on commas.
B64: Cohort breakdowns
B65: Sex | C65: Selected n | D65: Adequate n | E65: Adequate %
B66: Female | C66: =COUNTIFS('Responses'!$E$6:$E$363,B66,'Responses'!$S$6:$S$363,1) -> 186 | D66: =SUMIFS('Responses'!$L$6:$L$363,'Responses'!$E$6:$E$363,B66,'Responses'!$S$6:$S$363,1) -> 48 | E66: =IFERROR(D66/C66,0) -> 0.25806452
B67: Male | C67: =COUNTIFS('Responses'!$E$6:$E$363,B67,'Responses'!$S$6:$S$363,1) -> 172 | D67: =SUMIFS('Responses'!$L$6:$L$363,'Responses'!$E$6:$E$363,B67,'Responses'!$S$6:$S$363,1) -> 52 | E67: =IFERROR(D67/C67,0) -> 0.30232558
B70: Year | C70: Selected n | D70: Adequate n | E70: Adequate %
B71: 2nd year | C71: =COUNTIFS('Responses'!$F$6:$F$363,B71,'Responses'!$S$6:$S$363,1) -> 81 | D71: =SUMIFS('Responses'!$L$6:$L$363,'Responses'!$F$6:$F$363,B71,'Responses'!$S$6:$S$363,1) -> 19 | E71: =IFERROR(D71/C71,0) -> 0.2345679
B72: 3rd year | C72: =COUNTIFS('Responses'!$F$6:$F$363,B72,'Responses'!$S$6:$S$363,1) -> 120 | D72: =SUMIFS('Responses'!$L$6:$L$363,'Responses'!$F$6:$F$363,B72,'Responses'!$S$6:$S$363,1) -> 33 | E72: =IFERROR(D72/C72,0) -> 0.275
B73: 4th year | C73: =COUNTIFS('Responses'!$F$6:$F$363,B73,'Responses'!$S$6:$S$363,1) -> 116 | D73: =SUMIFS('Responses'!$L$6:$L$363,'Responses'!$F$6:$F$363,B73,'Responses'!$S$6:$S$363,1) -> 37 | E73: =IFERROR(D73/C73,0) -> 0.31896552
B74: 5th year or above | C74: =COUNTIFS('Responses'!$F$6:$F$363,B74,'Responses'!$S$6:$S$363,1) -> 41 | D74: =SUMIFS('Responses'!$L$6:$L$363,'Responses'!$F$6:$F$363,B74,'Responses'!$S$6:$S$363,1) -> 11 | E74: =IFERROR(D74/C74,0) -> 0.26829268
B77: Insurance registered | C77: Selected n | D77: Adequate n | E77: Adequate %
B78: Yes | C78: =COUNTIFS('Responses'!$H$6:$H$363,B78,'Responses'!$S$6:$S$363,1) -> 138 | D78: =SUMIFS('Responses'!$L$6:$L$363,'Responses'!$H$6:$H$363,B78,'Responses'!$S$6:$S$363,1) -> 34 | E78: =IFERROR(D78/C78,0) -> 0.24637681
B79: No | C79: =COUNTIFS('Responses'!$H$6:$H$363,B79,'Responses'!$S$6:$S$363,1) -> 153 | D79: =SUMIFS('Responses'!$L$6:$L$363,'Responses'!$H$6:$H$363,B79,'Responses'!$S$6:$S$363,1) -> 57 | E79: =IFERROR(D79/C79,0) -> 0.37254902
B80: Not sure | C80: =COUNTIFS('Responses'!$H$6:$H$363,B80,'Responses'!$S$6:$S$363,1) -> 67 | D80: =SUMIFS('Responses'!$L$6:$L$363,'Responses'!$H$6:$H$363,B80,'Responses'!$S$6:$S$363,1) -> 9 | E80: =IFERROR(D80/C80,0) -> 0.13432836

Sheet Item results
B1: Back to dashboard
B2: Item-level knowledge gaps
B3: Follows the dashboard filters. Correct-answer rates exclude missing responses; incorrect and Not sure remain in the denominator.
B5: Priority: use the lowest-scoring items to focus NHIMA orientation on benefit scope, accreditation and common insurance misconceptions. All correct-answer labels are provisional.
B7: Item | C7: Domain | D7: Question / concept | E7: Key | F7: Selected n | G7: Answered n | H7: Correct n | I7: Correct % | J7: Incorrect n | K7: Not sure n | L7: Missing n | M7: Not sure %
B8: B1 | C8: Health insurance | D8: Meaning of health insurance | E8: =Codebook!F13 -> True | F8: ='Cohort analysis'!C6 -> 358 | G8: =COUNTIFS('Responses'!$S$6:$S$363,1,'Responses'!$T$6:$T$363,"<>") -> 358 | H8: =SUMIFS('Responses'!$BL$6:$BL$363,'Responses'!$S$6:$S$363,1) -> 304 | I8: =IFERROR(H8/G8,0) -> 0.84916201 | J8: =G8-H8-K8 -> 30 | K8: =COUNTIFS('Responses'!$T$6:$T$363,"Not sure",'Responses'!$S$6:$S$363,1) -> 24 | L8: =F8-G8 -> 0 | M8: =IFERROR(K8/G8,0) -> 0.067039106
B9: B2 | C9: Health insurance | D9: Reimbursement-only misconception | E9: =Codebook!F14 -> False | F9: ='Cohort analysis'!C6 -> 358 | G9: =COUNTIFS('Responses'!$S$6:$S$363,1,'Responses'!$U$6:$U$363,"<>") -> 358 | H9: =SUMIFS('Responses'!$BM$6:$BM$363,'Responses'!$S$6:$S$363,1) -> 56 | I9: =IFERROR(H9/G9,0) -> 0.15642458 | J9: =G9-H9-K9 -> 257 | K9: =COUNTIFS('Responses'!$U$6:$U$363,"Not sure",'Responses'!$S$6:$S$363,1) -> 45 | L9: =F9-G9 -> 0 | M9: =IFERROR(K9/G9,0) -> 0.12569832
B10: B3 | C10: Health insurance | D10: Insurance for sick people only | E10: =Codebook!F15 -> False | F10: ='Cohort analysis'!C6 -> 358 | G10: =COUNTIFS('Responses'!$S$6:$S$363,1,'Responses'!$V$6:$V$363,"<>") -> 358 | H10: =SUMIFS('Responses'!$BN$6:$BN$363,'Responses'!$S$6:$S$363,1) -> 83 | I10: =IFERROR(H10/G10,0) -> 0.23184358 | J10: =G10-H10-K10 -> 235 | K10: =COUNTIFS('Responses'!$V$6:$V$363,"Not sure",'Responses'!$S$6:$S$363,1) -> 40 | L10: =F10-G10 -> 0 | M10: =IFERROR(K10/G10,0) -> 0.11173184
B11: B4 | C11: Health insurance | D11: Monthly contributions | E11: =Codebook!F16 -> True | F11: ='Cohort analysis'!C6 -> 358 | G11: =COUNTIFS('Responses'!$S$6:$S$363,1,'Responses'!$W$6:$W$363,"<>") -> 358 | H11: =SUMIFS('Responses'!$BO$6:$BO$363,'Responses'!$S$6:$S$363,1) -> 280 | I11: =IFERROR(H11/G11,0) -> 0.78212291 | J11: =G11-H11-K11 -> 35 | K11: =COUNTIFS('Responses'!$W$6:$W$363,"Not sure",'Responses'!$S$6:$S$363,1) -> 43 | L11: =F11-G11 -> 0 | M11: =IFERROR(K11/G11,0) -> 0.12011173
B12: B5 | C12: Health insurance | D12: Salary deductions | E12: =Codebook!F17 -> True | F12: ='Cohort analysis'!C6 -> 358 | G12: =COUNTIFS('Responses'!$S$6:$S$363,1,'Responses'!$X$6:$X$363,"<>") -> 358 | H12: =SUMIFS('Responses'!$BP$6:$BP$363,'Responses'!$S$6:$S$363,1) -> 274 | I12: =IFERROR(H12/G12,0) -> 0.76536313 | J12: =G12-H12-K12 -> 36 | K12: =COUNTIFS('Responses'!$X$6:$X$363,"Not sure",'Responses'!$S$6:$S$363,1) -> 48 | L12: =F12-G12 -> 0 | M12: =IFERROR(K12/G12,0) -> 0.13407821
B13: B6 | C13: Health insurance | D13: Eligibility outside formal employment | E13: =Codebook!F18 -> False | F13: ='Cohort analysis'!C6 -> 358 | G13: =COUNTIFS('Responses'!$S$6:$S$363,1,'Responses'!$Y$6:$Y$363,"<>") -> 358 | H13: =SUMIFS('Responses'!$BQ$6:$BQ$363,'Responses'!$S$6:$S$363,1) -> 93 | I13: =IFERROR(H13/G13,0) -> 0.25977654 | J13: =G13-H13-K13 -> 208 | K13: =COUNTIFS('Responses'!$Y$6:$Y$363,"Not sure",'Responses'!$S$6:$S$363,1) -> 57 | L13: =F13-G13 -> 0 | M13: =IFERROR(K13/G13,0) -> 0.15921788
B14: B7 | C14: Health insurance | D14: Reduced out-of-pocket costs | E14: =Codebook!F19 -> True | F14: ='Cohort analysis'!C6 -> 358 | G14: =COUNTIFS('Responses'!$S$6:$S$363,1,'Responses'!$Z$6:$Z$363,"<>") -> 358 | H14: =SUMIFS('Responses'!$BR$6:$BR$363,'Responses'!$S$6:$S$363,1) -> 284 | I14: =IFERROR(H14/G14,0) -> 0.79329609 | J14: =G14-H14-K14 -> 27 | K14: =COUNTIFS('Responses'!$Z$6:$Z$363,"Not sure",'Responses'!$S$6:$S$363,1) -> 47 | L14: =F14-G14 -> 0 | M14: =IFERROR(K14/G14,0) -> 0.13128492
B15: B8 | C15: Health insurance | D15: Membership proof at facility | E15: =Codebook!F20 -> True | F15: ='Cohort analysis'!C6 -> 358 | G15: =COUNTIFS('Responses'!$S$6:$S$363,1,'Responses'!$AA$6:$AA$363,"<>") -> 358 | H15: =SUMIFS('Responses'!$BS$6:$BS$363,'Responses'!$S$6:$S$363,1) -> 261 | I15: =IFERROR(H15/G15,0) -> 0.72905028 | J15: =G15-H15-K15 -> 31 | K15: =COUNTIFS('Responses'!$AA$6:$AA$363,"Not sure",'Responses'!$S$6:$S$363,1) -> 66 | L15: =F15-G15 -> 0 | M15: =IFERROR(K15/G15,0) -> 0.18435754
B16: B9 | C16: Health insurance | D16: Universal facility acceptance | E16: =Codebook!F21 -> False | F16: ='Cohort analysis'!C6 -> 358 | G16: =COUNTIFS('Responses'!$S$6:$S$363,1,'Responses'!$AB$6:$AB$363,"<>") -> 358 | H16: =SUMIFS('Responses'!$BT$6:$BT$363,'Responses'!$S$6:$S$363,1) -> 79 | I16: =IFERROR(H16/G16,0) -> 0.22067039 | J16: =G16-H16-K16 -> 205 | K16: =COUNTIFS('Responses'!$AB$6:$AB$363,"Not sure",'Responses'!$S$6:$S$363,1) -> 74 | L16: =F16-G16 -> 0 | M16: =IFERROR(K16/G16,0) -> 0.20670391
B17: B10 | C17: Health insurance | D17: Registration before claims | E17: =Codebook!F22 -> True | F17: ='Cohort analysis'!C6 -> 358 | G17: =COUNTIFS('Responses'!$S$6:$S$363,1,'Responses'!$AC$6:$AC$363,"<>") -> 358 | H17: =SUMIFS('Responses'!$BU$6:$BU$363,'Responses'!$S$6:$S$363,1) -> 264 | I17: =IFERROR(H17/G17,0) -> 0.73743017 | J17: =G17-H17-K17 -> 31 | K17: =COUNTIFS('Responses'!$AC$6:$AC$363,"Not sure",'Responses'!$S$6:$S$363,1) -> 63 | L17: =F17-G17 -> 0 | M17: =IFERROR(K17/G17,0) -> 0.17597765
B18: C2 | C18: NHIMA awareness | D18: National scheme management | E18: =Codebook!F23 -> True | F18: ='Cohort analysis'!C6 -> 358 | G18: =COUNTIFS('Responses'!$S$6:$S$363,1,'Responses'!$AD$6:$AD$363,"<>") -> 356 | H18: =SUMIFS('Responses'!$BV$6:$BV$363,'Responses'!$S$6:$S$363,1) -> 265 | I18: =IFERROR(H18/G18,0) -> 0.74438202 | J18: =G18-H18-K18 -> 19 | K18: =COUNTIFS('Responses'!$AD$6:$AD$363,"Not sure",'Responses'!$S$6:$S$363,1) -> 72 | L18: =F18-G18 -> 2 | M18: =IFERROR(K18/G18,0) -> 0.20224719
B19: C3 | C19: NHIMA awareness | D19: Established by Act of Parliament | E19: =Codebook!F24 -> True | F19: ='Cohort analysis'!C6 -> 358 | G19: =COUNTIFS('Responses'!$S$6:$S$363,1,'Responses'!$AE$6:$AE$363,"<>") -> 356 | H19: =SUMIFS('Responses'!$BW$6:$BW$363,'Responses'!$S$6:$S$363,1) -> 239 | I19: =IFERROR(H19/G19,0) -> 0.67134831 | J19: =G19-H19-K19 -> 25 | K19: =COUNTIFS('Responses'!$AE$6:$AE$363,"Not sure",'Responses'!$S$6:$S$363,1) -> 92 | L19: =F19-G19 -> 2 | M19: =IFERROR(K19/G19,0) -> 0.25842697
B20: C4 | C20: NHIMA awareness | D20: Formal-employment-only registration | E20: =Codebook!F25 -> False | F20: ='Cohort analysis'!C6 -> 358 | G20: =COUNTIFS('Responses'!$S$6:$S$363,1,'Responses'!$AF$6:$AF$363,"<>") -> 356 | H20: =SUMIFS('Responses'!$BX$6:$BX$363,'Responses'!$S$6:$S$363,1) -> 99 | I20: =IFERROR(H20/G20,0) -> 0.27808989 | J20: =G20-H20-K20 -> 192 | K20: =COUNTIFS('Responses'!$AF$6:$AF$363,"Not sure",'Responses'!$S$6:$S$363,1) -> 65 | L20: =F20-G20 -> 2 | M20: =IFERROR(K20/G20,0) -> 0.18258427
B21: C5 | C21: NHIMA awareness | D21: Employer matching contributions | E21: =Codebook!F26 -> True | F21: ='Cohort analysis'!C6 -> 358 | G21: =COUNTIFS('Responses'!$S$6:$S$363,1,'Responses'!$AG$6:$AG$363,"<>") -> 356 | H21: =SUMIFS('Responses'!$BY$6:$BY$363,'Responses'!$S$6:$S$363,1) -> 201 | I21: =IFERROR(H21/G21,0) -> 0.56460674 | J21: =G21-H21-K21 -> 58 | K21: =COUNTIFS('Responses'!$AG$6:$AG$363,"Not sure",'Responses'!$S$6:$S$363,1) -> 97 | L21: =F21-G21 -> 2 | M21: =IFERROR(K21/G21,0) -> 0.27247191
B22: C6 | C22: NHIMA awareness | D22: Membership cards | E22: =Codebook!F27 -> True | F22: ='Cohort analysis'!C6 -> 358 | G22: =COUNTIFS('Responses'!$S$6:$S$363,1,'Responses'!$AH$6:$AH$363,"<>") -> 356 | H22: =SUMIFS('Responses'!$BZ$6:$BZ$363,'Responses'!$S$6:$S$363,1) -> 227 | I22: =IFERROR(H22/G22,0) -> 0.63764045 | J22: =G22-H22-K22 -> 36 | K22: =COUNTIFS('Responses'!$AH$6:$AH$363,"Not sure",'Responses'!$S$6:$S$363,1) -> 93 | L22: =F22-G22 -> 2 | M22: =IFERROR(K22/G22,0) -> 0.26123596
B23: C7 | C23: NHIMA awareness | D23: Access at non-accredited facilities | E23: =Codebook!F28 -> False | F23: ='Cohort analysis'!C6 -> 358 | G23: =COUNTIFS('Responses'!$S$6:$S$363,1,'Responses'!$AI$6:$AI$363,"<>") -> 356 | H23: =SUMIFS('Responses'!$CA$6:$CA$363,'Responses'!$S$6:$S$363,1) -> 76 | I23: =IFERROR(H23/G23,0) -> 0.21348315 | J23: =G23-H23-K23 -> 196 | K23: =COUNTIFS('Responses'!$AI$6:$AI$363,"Not sure",'Responses'!$S$6:$S$363,1) -> 84 | L23: =F23-G23 -> 2 | M23: =IFERROR(K23/G23,0) -> 0.23595506
B24: C8 | C24: NHIMA awareness | D24: Curative-only coverage misconception | E24: =Codebook!F29 -> False | F24: ='Cohort analysis'!C6 -> 358 | G24: =COUNTIFS('Responses'!$S$6:$S$363,1,'Responses'!$AJ$6:$AJ$363,"<>") -> 356 | H24: =SUMIFS('Responses'!$CB$6:$CB$363,'Responses'!$S$6:$S$363,1) -> 42 | I24: =IFERROR(H24/G24,0) -> 0.11797753 | J24: =G24-H24-K24 -> 215 | K24: =COUNTIFS('Responses'!$AJ$6:$AJ$363,"Not sure",'Responses'!$S$6:$S$363,1) -> 99 | L24: =F24-G24 -> 2 | M24: =IFERROR(K24/G24,0) -> 0.27808989
B25: C9 | C25: NHIMA awareness | D25: Online status checks | E25: =Codebook!F30 -> True | F25: ='Cohort analysis'!C6 -> 358 | G25: =COUNTIFS('Responses'!$S$6:$S$363,1,'Responses'!$AK$6:$AK$363,"<>") -> 356 | H25: =SUMIFS('Responses'!$CC$6:$CC$363,'Responses'!$S$6:$S$363,1) -> 235 | I25: =IFERROR(H25/G25,0) -> 0.66011236 | J25: =G25-H25-K25 -> 26 | K25: =COUNTIFS('Responses'!$AK$6:$AK$363,"Not sure",'Responses'!$S$6:$S$363,1) -> 95 | L25: =F25-G25 -> 2 | M25: =IFERROR(K25/G25,0) -> 0.26685393
B26: C10 | C26: NHIMA awareness | D26: NHIMA as the only insurance option | E26: =Codebook!F31 -> False | F26: ='Cohort analysis'!C6 -> 358 | G26: =COUNTIFS('Responses'!$S$6:$S$363,1,'Responses'!$AL$6:$AL$363,"<>") -> 356 | H26: =SUMIFS('Responses'!$CD$6:$CD$363,'Responses'!$S$6:$S$363,1) -> 126 | I26: =IFERROR(H26/G26,0) -> 0.35393258 | J26: =G26-H26-K26 -> 159 | K26: =COUNTIFS('Responses'!$AL$6:$AL$363,"Not sure",'Responses'!$S$6:$S$363,1) -> 71 | L26: =F26-G26 -> 2 | M26: =IFERROR(K26/G26,0) -> 0.1994382
B27: D1 | C27: Covered benefits | D27: Doctor consultation | E27: =Codebook!F32 -> Covered | F27: ='Cohort analysis'!C6 -> 358 | G27: =COUNTIFS('Responses'!$S$6:$S$363,1,'Responses'!$AM$6:$AM$363,"<>") -> 358 | H27: =SUMIFS('Responses'!$CE$6:$CE$363,'Responses'!$S$6:$S$363,1) -> 205 | I27: =IFERROR(H27/G27,0) -> 0.5726257 | J27: =G27-H27-K27 -> 53 | K27: =COUNTIFS('Responses'!$AM$6:$AM$363,"Not sure",'Responses'!$S$6:$S$363,1) -> 100 | L27: =F27-G27 -> 0 | M27: =IFERROR(K27/G27,0) -> 0.27932961
B28: D2 | C28: Covered benefits | D28: Hospital admission | E28: =Codebook!F33 -> Covered | F28: ='Cohort analysis'!C6 -> 358 | G28: =COUNTIFS('Responses'!$S$6:$S$363,1,'Responses'!$AN$6:$AN$363,"<>") -> 358 | H28: =SUMIFS('Responses'!$CF$6:$CF$363,'Responses'!$S$6:$S$363,1) -> 202 | I28: =IFERROR(H28/G28,0) -> 0.56424581 | J28: =G28-H28-K28 -> 71 | K28: =COUNTIFS('Responses'!$AN$6:$AN$363,"Not sure",'Responses'!$S$6:$S$363,1) -> 85 | L28: =F28-G28 -> 0 | M28: =IFERROR(K28/G28,0) -> 0.23743017
B29: D3 | C29: Covered benefits | D29: Basic laboratory tests | E29: =Codebook!F34 -> Covered | F29: ='Cohort analysis'!C6 -> 358 | G29: =COUNTIFS('Responses'!$S$6:$S$363,1,'Responses'!$AO$6:$AO$363,"<>") -> 358 | H29: =SUMIFS('Responses'!$CG$6:$CG$363,'Responses'!$S$6:$S$363,1) -> 191 | I29: =IFERROR(H29/G29,0) -> 0.53351955 | J29: =G29-H29-K29 -> 63 | K29: =COUNTIFS('Responses'!$AO$6:$AO$363,"Not sure",'Responses'!$S$6:$S$363,1) -> 104 | L29: =F29-G29 -> 0 | M29: =IFERROR(K29/G29,0) -> 0.29050279
B30: D4 | C30: Covered benefits | D30: Prescribed medicines | E30: =Codebook!F35 -> Covered | F30: ='Cohort analysis'!C6 -> 358 | G30: =COUNTIFS('Responses'!$S$6:$S$363,1,'Responses'!$AP$6:$AP$363,"<>") -> 358 | H30: =SUMIFS('Responses'!$CH$6:$CH$363,'Responses'!$S$6:$S$363,1) -> 201 | I30: =IFERROR(H30/G30,0) -> 0.56145251 | J30: =G30-H30-K30 -> 54 | K30: =COUNTIFS('Responses'!$AP$6:$AP$363,"Not sure",'Responses'!$S$6:$S$363,1) -> 103 | L30: =F30-G30 -> 0 | M30: =IFERROR(K30/G30,0) -> 0.2877095
B31: D5 | C31: Covered benefits | D31: Maternity / childbirth care | E31: =Codebook!F36 -> Covered | F31: ='Cohort analysis'!C6 -> 358 | G31: =COUNTIFS('Responses'!$S$6:$S$363,1,'Responses'!$AQ$6:$AQ$363,"<>") -> 358 | H31: =SUMIFS('Responses'!$CI$6:$CI$363,'Responses'!$S$6:$S$363,1) -> 189 | I31: =IFERROR(H31/G31,0) -> 0.52793296 | J31: =G31-H31-K31 -> 55 | K31: =COUNTIFS('Responses'!$AQ$6:$AQ$363,"Not sure",'Responses'!$S$6:$S$363,1) -> 114 | L31: =F31-G31 -> 0 | M31: =IFERROR(K31/G31,0) -> 0.31843575
B32: D6 | C32: Covered benefits | D32: Emergency care | E32: =Codebook!F37 -> Covered | F32: ='Cohort analysis'!C6 -> 358 | G32: =COUNTIFS('Responses'!$S$6:$S$363,1,'Responses'!$AR$6:$AR$363,"<>") -> 358 | H32: =SUMIFS('Responses'!$CJ$6:$CJ$363,'Responses'!$S$6:$S$363,1) -> 198 | I32: =IFERROR(H32/G32,0) -> 0.55307263 | J32: =G32-H32-K32 -> 48 | K32: =COUNTIFS('Responses'!$AR$6:$AR$363,"Not sure",'Responses'!$S$6:$S$363,1) -> 112 | L32: =F32-G32 -> 0 | M32: =IFERROR(K32/G32,0) -> 0.31284916
B33: D7 | C33: Covered benefits | D33: Chronic-condition follow-up | E33: =Codebook!F38 -> Covered | F33: ='Cohort analysis'!C6 -> 358 | G33: =COUNTIFS('Responses'!$S$6:$S$363,1,'Responses'!$AS$6:$AS$363,"<>") -> 358 | H33: =SUMIFS('Responses'!$CK$6:$CK$363,'Responses'!$S$6:$S$363,1) -> 192 | I33: =IFERROR(H33/G33,0) -> 0.53631285 | J33: =G33-H33-K33 -> 56 | K33: =COUNTIFS('Responses'!$AS$6:$AS$363,"Not sure",'Responses'!$S$6:$S$363,1) -> 110 | L33: =F33-G33 -> 0 | M33: =IFERROR(K33/G33,0) -> 0.30726257
B34: D8 | C34: Covered benefits | D34: Rehabilitative care | E34: =Codebook!F39 -> Covered | F34: ='Cohort analysis'!C6 -> 358 | G34: =COUNTIFS('Responses'!$S$6:$S$363,1,'Responses'!$AT$6:$AT$363,"<>") -> 358 | H34: =SUMIFS('Responses'!$CL$6:$CL$363,'Responses'!$S$6:$S$363,1) -> 177 | I34: =IFERROR(H34/G34,0) -> 0.49441341 | J34: =G34-H34-K34 -> 45 | K34: =COUNTIFS('Responses'!$AT$6:$AT$363,"Not sure",'Responses'!$S$6:$S$363,1) -> 136 | L34: =F34-G34 -> 0 | M34: =IFERROR(K34/G34,0) -> 0.37988827
B35: E1 | C35: Limitations | D35: Non-accredited facility treatment | E35: =Codebook!F40 -> Not covered | F35: ='Cohort analysis'!C6 -> 358 | G35: =COUNTIFS('Responses'!$S$6:$S$363,1,'Responses'!$AU$6:$AU$363,"<>") -> 358 | H35: =SUMIFS('Responses'!$CM$6:$CM$363,'Responses'!$S$6:$S$363,1) -> 116 | I35: =IFERROR(H35/G35,0) -> 0.32402235 | J35: =G35-H35-K35 -> 124 | K35: =COUNTIFS('Responses'!$AU$6:$AU$363,"Not sure",'Responses'!$S$6:$S$363,1) -> 118 | L35: =F35-G35 -> 0 | M35: =IFERROR(K35/G35,0) -> 0.32960894
B36: E2 | C36: Limitations | D36: Purely cosmetic procedures | E36: =Codebook!F41 -> Not covered | F36: ='Cohort analysis'!C6 -> 358 | G36: =COUNTIFS('Responses'!$S$6:$S$363,1,'Responses'!$AV$6:$AV$363,"<>") -> 358 | H36: =SUMIFS('Responses'!$CN$6:$CN$363,'Responses'!$S$6:$S$363,1) -> 110 | I36: =IFERROR(H36/G36,0) -> 0.30726257 | J36: =G36-H36-K36 -> 127 | K36: =COUNTIFS('Responses'!$AV$6:$AV$363,"Not sure",'Responses'!$S$6:$S$363,1) -> 121 | L36: =F36-G36 -> 0 | M36: =IFERROR(K36/G36,0) -> 0.33798883
B37: E3 | C37: Limitations | D37: Specialist care without referral | E37: =Codebook!F42 -> Not covered | F37: ='Cohort analysis'!C6 -> 358 | G37: =COUNTIFS('Responses'!$S$6:$S$363,1,'Responses'!$AW$6:$AW$363,"<>") -> 358 | H37: =SUMIFS('Responses'!$CO$6:$CO$363,'Responses'!$S$6:$S$363,1) -> 98 | I37: =IFERROR(H37/G37,0) -> 0.27374302 | J37: =G37-H37-K37 -> 125 | K37: =COUNTIFS('Responses'!$AW$6:$AW$363,"Not sure",'Responses'!$S$6:$S$363,1) -> 135 | L37: =F37-G37 -> 0 | M37: =IFERROR(K37/G37,0) -> 0.37709497
B38: E4 | C38: Limitations | D38: Overseas care without authorisation | E38: =Codebook!F43 -> Not covered | F38: ='Cohort analysis'!C6 -> 358 | G38: =COUNTIFS('Responses'!$S$6:$S$363,1,'Responses'!$AX$6:$AX$363,"<>") -> 358 | H38: =SUMIFS('Responses'!$CP$6:$CP$363,'Responses'!$S$6:$S$363,1) -> 107 | I38: =IFERROR(H38/G38,0) -> 0.29888268 | J38: =G38-H38-K38 -> 113 | K38: =COUNTIFS('Responses'!$AX$6:$AX$363,"Not sure",'Responses'!$S$6:$S$363,1) -> 138 | L38: =F38-G38 -> 0 | M38: =IFERROR(K38/G38,0) -> 0.38547486
B39: E5 | C39: Limitations | D39: Lapsed contributions | E39: =Codebook!F44 -> Not covered | F39: ='Cohort analysis'!C6 -> 358 | G39: =COUNTIFS('Responses'!$S$6:$S$363,1,'Responses'!$AY$6:$AY$363,"<>") -> 358 | H39: =SUMIFS('Responses'!$CQ$6:$CQ$363,'Responses'!$S$6:$S$363,1) -> 103 | I39: =IFERROR(H39/G39,0) -> 0.2877095 | J39: =G39-H39-K39 -> 111 | K39: =COUNTIFS('Responses'!$AY$6:$AY$363,"Not sure",'Responses'!$S$6:$S$363,1) -> 144 | L39: =F39-G39 -> 0 | M39: =IFERROR(K39/G39,0) -> 0.40223464
B40: E6 | C40: Limitations | D40: Care beyond benefit limits | E40: =Codebook!F45 -> Not covered | F40: ='Cohort analysis'!C6 -> 358 | G40: =COUNTIFS('Responses'!$S$6:$S$363,1,'Responses'!$AZ$6:$AZ$363,"<>") -> 358 | H40: =SUMIFS('Responses'!$CR$6:$CR$363,'Responses'!$S$6:$S$363,1) -> 109 | I40: =IFERROR(H40/G40,0) -> 0.30446927 | J40: =G40-H40-K40 -> 98 | K40: =COUNTIFS('Responses'!$AZ$6:$AZ$363,"Not sure",'Responses'!$S$6:$S$363,1) -> 151 | L40: =F40-G40 -> 0 | M40: =IFERROR(K40/G40,0) -> 0.42178771
B45: Priority item | C45: Correct %
B46: C8 | Curative-only coverage misconception | C46: =I24 -> 0.11797753 | O46: C8 | Curative-only coverage
B47: B2 | Reimbursement-only misconception | C47: =I9 -> 0.15642458 | O47: B2 | Reimbursement only
B48: C7 | Access at non-accredited facilities | C48: =I23 -> 0.21348315 | O48: C7 | Any facility access
B49: B9 | Universal facility acceptance | C49: =I16 -> 0.22067039 | O49: B9 | All schemes accepted
B50: B3 | Insurance for sick people only | C50: =I10 -> 0.23184358 | O50: B3 | For sick people only

Sheet Associations
B1: Back to dashboard
B2: Factors associated with overall adequacy
B3: Full-sample tests: independent of the dashboard filters. Formula-linked counts and p-values update if the scoring key changes.
B5: Associations are unadjusted, not causal. Sex uses Yates continuity correction to reproduce the report; the other core tests use uncorrected Pearson chi-square.
B7: Factor | C7: Chi-square | D7: df | E7: p-value | F7: Significant < .05 | G7: Min expected | H7: Method
B8: Sex | C8: =SUM(H17:H18) -> 0.66368397 | D8: 1 | E8: =_xlfn.CHISQ.DIST.RT(C8,D8) -> 0.41526237 | F8: =IF(E8<0.05,"Yes","No") -> No | G8: =MIN(F17:G18) -> 48.044693 | H8: Yates-corrected
B9: Year of study | C9: =SUM(H24:H27) -> 1.7474659 | D9: 3 | E9: =_xlfn.CHISQ.DIST.RT(C9,D9) -> 0.62643311 | F9: =IF(E9<0.05,"Yes","No") -> No | G9: =MIN(F24:G27) -> 11.452514 | H9: Pearson (uncorrected)
B10: Programme | C10: =SUM(H33:H37) -> 14.190747 | D10: 4 | E10: =_xlfn.CHISQ.DIST.RT(C10,D10) -> 0.0067105074 | F10: =IF(E10<0.05,"Yes","No") -> Yes | G10: =MIN(F33:G37) -> 15.363128 | H10: Pearson (uncorrected)
B11: Insurance registration | C11: =SUM(H43:H45) -> 14.346917 | D11: 2 | E11: =_xlfn.CHISQ.DIST.RT(C11,D11) -> 0.0007666667 | F11: =IF(E11<0.05,"Yes","No") -> Yes | G11: =MIN(F43:G45) -> 18.715084 | H11: Pearson (uncorrected)
B15: Sex | observed and expected counts
B16: Category | C16: Inadequate | D16: Adequate | E16: Group total | F16: Expected inadequate | G16: Expected adequate | H16: Chi-square component
B17: Female | C17: =COUNTIFS('Responses'!$E$6:$E$363,B17,'Responses'!$L$6:$L$363,0) -> 138 | D17: =COUNTIFS('Responses'!$E$6:$E$363,B17,'Responses'!$L$6:$L$363,1) -> 48 | E17: =SUM(C17:D17) -> 186 | F17: =E17*COUNTIF('Responses'!$L$6:$L$363,0)/COUNTA('Responses'!$B$6:$B$363) -> 134.04469 | G17: =E17*COUNTIF('Responses'!$L$6:$L$363,1)/COUNTA('Responses'!$B$6:$B$363) -> 51.955307 | H17: =IFERROR((MAX(0,ABS(C17-F17)-0.5)^2/F17)+(MAX(0,ABS(D17-G17)-0.5)^2/G17),0) -> 0.31886492
B18: Male | C18: =COUNTIFS('Responses'!$E$6:$E$363,B18,'Responses'!$L$6:$L$363,0) -> 120 | D18: =COUNTIFS('Responses'!$E$6:$E$363,B18,'Responses'!$L$6:$L$363,1) -> 52 | E18: =SUM(C18:D18) -> 172 | F18: =E18*COUNTIF('Responses'!$L$6:$L$363,0)/COUNTA('Responses'!$B$6:$B$363) -> 123.95531 | G18: =E18*COUNTIF('Responses'!$L$6:$L$363,1)/COUNTA('Responses'!$B$6:$B$363) -> 48.044693 | H18: =IFERROR((MAX(0,ABS(C18-F18)-0.5)^2/F18)+(MAX(0,ABS(D18-G18)-0.5)^2/G18),0) -> 0.34481905
B19: All expected cells exceed 5 in the supplied full-sample table. Review validity if you change the scoring key.
B22: Year of study | observed and expected counts
B23: Category | C23: Inadequate | D23: Adequate | E23: Group total | F23: Expected inadequate | G23: Expected adequate | H23: Chi-square component
B24: 2nd year | C24: =COUNTIFS('Responses'!$F$6:$F$363,B24,'Responses'!$L$6:$L$363,0) -> 62 | D24: =COUNTIFS('Responses'!$F$6:$F$363,B24,'Responses'!$L$6:$L$363,1) -> 19 | E24: =SUM(C24:D24) -> 81 | F24: =E24*COUNTIF('Responses'!$L$6:$L$363,0)/COUNTA('Responses'!$B$6:$B$363) -> 58.374302 | G24: =E24*COUNTIF('Responses'!$L$6:$L$363,1)/COUNTA('Responses'!$B$6:$B$363) -> 22.625698 | H24: =IFERROR((C24-F24)^2/F24+(D24-G24)^2/G24,0) -> 0.80620346
B25: 3rd year | C25: =COUNTIFS('Responses'!$F$6:$F$363,B25,'Responses'!$L$6:$L$363,0) -> 87 | D25: =COUNTIFS('Responses'!$F$6:$F$363,B25,'Responses'!$L$6:$L$363,1) -> 33 | E25: =SUM(C25:D25) -> 120 | F25: =E25*COUNTIF('Responses'!$L$6:$L$363,0)/COUNTA('Responses'!$B$6:$B$363) -> 86.480447 | G25: =E25*COUNTIF('Responses'!$L$6:$L$363,1)/COUNTA('Responses'!$B$6:$B$363) -> 33.519553 | H25: =IFERROR((C25-F25)^2/F25+(D25-G25)^2/G25,0) -> 0.011174419
B26: 4th year | C26: =COUNTIFS('Responses'!$F$6:$F$363,B26,'Responses'!$L$6:$L$363,0) -> 79 | D26: =COUNTIFS('Responses'!$F$6:$F$363,B26,'Responses'!$L$6:$L$363,1) -> 37 | E26: =SUM(C26:D26) -> 116 | F26: =E26*COUNTIF('Responses'!$L$6:$L$363,0)/COUNTA('Responses'!$B$6:$B$363) -> 83.597765 | G26: =E26*COUNTIF('Responses'!$L$6:$L$363,1)/COUNTA('Responses'!$B$6:$B$363) -> 32.402235 | H26: =IFERROR((C26-F26)^2/F26+(D26-G26)^2/G26,0) -> 0.905278
B27: 5th year or above | C27: =COUNTIFS('Responses'!$F$6:$F$363,B27,'Responses'!$L$6:$L$363,0) -> 30 | D27: =COUNTIFS('Responses'!$F$6:$F$363,B27,'Responses'!$L$6:$L$363,1) -> 11 | E27: =SUM(C27:D27) -> 41 | F27: =E27*COUNTIF('Responses'!$L$6:$L$363,0)/COUNTA('Responses'!$B$6:$B$363) -> 29.547486 | G27: =E27*COUNTIF('Responses'!$L$6:$L$363,1)/COUNTA('Responses'!$B$6:$B$363) -> 11.452514 | H27: =IFERROR((C27-F27)^2/F27+(D27-G27)^2/G27,0) -> 0.024809983
B28: All expected cells exceed 5 in the supplied full-sample table. Review validity if you change the scoring key.
B31: Programme | observed and expected counts
B32: Category | C32: Inadequate | D32: Adequate | E32: Group total | F32: Expected inadequate | G32: Expected adequate | H32: Chi-square component
B33: Medicine | C33: =COUNTIFS('Responses'!$G$6:$G$363,B33,'Responses'!$L$6:$L$363,0) -> 36 | D33: =COUNTIFS('Responses'!$G$6:$G$363,B33,'Responses'!$L$6:$L$363,1) -> 19 | E33: =SUM(C33:D33) -> 55 | F33: =E33*COUNTIF('Responses'!$L$6:$L$363,0)/COUNTA('Responses'!$B$6:$B$363) -> 39.636872 | G33: =E33*COUNTIF('Responses'!$L$6:$L$363,1)/COUNTA('Responses'!$B$6:$B$363) -> 15.363128 | H33: =IFERROR((C33-F33)^2/F33+(D33-G33)^2/G33,0) -> 1.1946469
B34: Nursing Sciences | C34: =COUNTIFS('Responses'!$G$6:$G$363,B34,'Responses'!$L$6:$L$363,0) -> 58 | D34: =COUNTIFS('Responses'!$G$6:$G$363,B34,'Responses'!$L$6:$L$363,1) -> 22 | E34: =SUM(C34:D34) -> 80 | F34: =E34*COUNTIF('Responses'!$L$6:$L$363,0)/COUNTA('Responses'!$B$6:$B$363) -> 57.653631 | G34: =E34*COUNTIF('Responses'!$L$6:$L$363,1)/COUNTA('Responses'!$B$6:$B$363) -> 22.346369 | H34: =IFERROR((C34-F34)^2/F34+(D34-G34)^2/G34,0) -> 0.0074496124
B35: Other Ridgeway Health Sciences programme | C35: =COUNTIFS('Responses'!$G$6:$G$363,B35,'Responses'!$L$6:$L$363,0) -> 57 | D35: =COUNTIFS('Responses'!$G$6:$G$363,B35,'Responses'!$L$6:$L$363,1) -> 7 | E35: =SUM(C35:D35) -> 64 | F35: =E35*COUNTIF('Responses'!$L$6:$L$363,0)/COUNTA('Responses'!$B$6:$B$363) -> 46.122905 | G35: =E35*COUNTIF('Responses'!$L$6:$L$363,1)/COUNTA('Responses'!$B$6:$B$363) -> 17.877095 | H35: =IFERROR((C35-F35)^2/F35+(D35-G35)^2/G35,0) -> 9.1831613
B36: Pharmacy | C36: =COUNTIFS('Responses'!$G$6:$G$363,B36,'Responses'!$L$6:$L$363,0) -> 47 | D36: =COUNTIFS('Responses'!$G$6:$G$363,B36,'Responses'!$L$6:$L$363,1) -> 17 | E36: =SUM(C36:D36) -> 64 | F36: =E36*COUNTIF('Responses'!$L$6:$L$363,0)/COUNTA('Responses'!$B$6:$B$363) -> 46.122905 | G36: =E36*COUNTIF('Responses'!$L$6:$L$363,1)/COUNTA('Responses'!$B$6:$B$363) -> 17.877095 | H36: =IFERROR((C36-F36)^2/F36+(D36-G36)^2/G36,0) -> 0.059711725
B37: Public Health | C37: =COUNTIFS('Responses'!$G$6:$G$363,B37,'Responses'!$L$6:$L$363,0) -> 60 | D37: =COUNTIFS('Responses'!$G$6:$G$363,B37,'Responses'!$L$6:$L$363,1) -> 35 | E37: =SUM(C37:D37) -> 95 | F37: =E37*COUNTIF('Responses'!$L$6:$L$363,0)/COUNTA('Responses'!$B$6:$B$363) -> 68.463687 | G37: =E37*COUNTIF('Responses'!$L$6:$L$363,1)/COUNTA('Responses'!$B$6:$B$363) -> 26.536313 | H37: =IFERROR((C37-F37)^2/F37+(D37-G37)^2/G37,0) -> 3.7457772
B38: All expected cells exceed 5 in the supplied full-sample table. Review validity if you change the scoring key.
B41: Insurance registration | observed and expected counts
B42: Category | C42: Inadequate | D42: Adequate | E42: Group total | F42: Expected inadequate | G42: Expected adequate | H42: Chi-square component
B43: No | C43: =COUNTIFS('Responses'!$H$6:$H$363,B43,'Responses'!$L$6:$L$363,0) -> 96 | D43: =COUNTIFS('Responses'!$H$6:$H$363,B43,'Responses'!$L$6:$L$363,1) -> 57 | E43: =SUM(C43:D43) -> 153 | F43: =E43*COUNTIF('Responses'!$L$6:$L$363,0)/COUNTA('Responses'!$B$6:$B$363) -> 110.26257 | G43: =E43*COUNTIF('Responses'!$L$6:$L$363,1)/COUNTA('Responses'!$B$6:$B$363) -> 42.73743 | H43: =IFERROR((C43-F43)^2/F43+(D43-G43)^2/G43,0) -> 6.6046603
B44: Not sure | C44: =COUNTIFS('Responses'!$H$6:$H$363,B44,'Responses'!$L$6:$L$363,0) -> 58 | D44: =COUNTIFS('Responses'!$H$6:$H$363,B44,'Responses'!$L$6:$L$363,1) -> 9 | E44: =SUM(C44:D44) -> 67 | F44: =E44*COUNTIF('Responses'!$L$6:$L$363,0)/COUNTA('Responses'!$B$6:$B$363) -> 48.284916 | G44: =E44*COUNTIF('Responses'!$L$6:$L$363,1)/COUNTA('Responses'!$B$6:$B$363) -> 18.715084 | H44: =IFERROR((C44-F44)^2/F44+(D44-G44)^2/G44,0) -> 6.9978503
B45: Yes | C45: =COUNTIFS('Responses'!$H$6:$H$363,B45,'Responses'!$L$6:$L$363,0) -> 104 | D45: =COUNTIFS('Responses'!$H$6:$H$363,B45,'Responses'!$L$6:$L$363,1) -> 34 | E45: =SUM(C45:D45) -> 138 | F45: =E45*COUNTIF('Responses'!$L$6:$L$363,0)/COUNTA('Responses'!$B$6:$B$363) -> 99.452514 | G45: =E45*COUNTIF('Responses'!$L$6:$L$363,1)/COUNTA('Responses'!$B$6:$B$363) -> 38.547486 | H45: =IFERROR((C45-F45)^2/F45+(D45-G45)^2/G45,0) -> 0.74440625
B46: All expected cells exceed 5 in the supplied full-sample table. Review validity if you change the scoring key.

Sheet Responses
B1: Back to dashboard
B2: Survey responses & derived scores
B3: Original file preserved. Text trimmed; Boolean true/false cells normalised to text. Filter this table to inspect individual records.
B5: ID | C5: Timestamp | D5: Age as reported | E5: Sex | F5: Year of study | G5: Programme | H5: Insurance registered | I5: Health score /10 | J5: NHIMA score /9 | K5: Overall score /19 | L5: Adequate overall (1/0) | M5: B/C complete (1/0) | N5: Benefits score /8 | O5: Limitations score /6 | P5: Benefits + limits /14 | Q5: Wants more information | R5: Most useful source (normalised) | S5: Selected cohort (1/0) | T5: B1 | U5: B2 | V5: B3 | W5: B4 | X5: B5 | Y5: B6 | Z5: B7 | AA5: B8 | AB5: B9 | AC5: B10 | AD5: C2 | AE5: C3 | AF5: C4 | AG5: C5 | AH5: C6 | AI5: C7 | AJ5: C8 | AK5: C9 | AL5: C10 | AM5: D1 | AN5: D2 | AO5: D3 | AP5: D4 | AQ5: D5 | AR5: D6 | AS5: D7 | AT5: D8 | AU5: E1 | AV5: E2 | AW5: E3 | AX5: E4 | AY5: E5 | AZ5: E6 | BA5: Information sources (multi-select) | BB5: Most useful source (original) | BC5: Radio / TV | BD5: Print media | BE5: Social media | BF5: Family | BG5: Friends / students | BH5: Coursework / lectures | BI5: NHIMA outreach / offices | BJ5: Health facility staff | BK5: No information source | BL5: Score B1 | BM5: Score B2 | BN5: Score B3 | BO5: Score B4 | BP5: Score B5 | BQ5: Score B6 | BR5: Score B7 | BS5: Score B8 | BT5: Score B9 | BU5: Score B10 | BV5: Score C2 | BW5: Score C3 | BX5: Score C4 | BY5: Score C5 | BZ5: Score C6 | CA5: Score C7 | CB5: Score C8 | CC5: Score C9 | CD5: Score C10 | CE5: Score D1 | CF5: Score D2 | CG5: Score D3 | CH5: Score D4 | CI5: Score D5 | CJ5: Score D6 | CK5: Score D7 | CL5: Score D8 | CM5: Score E1 | CN5: Score E2 | CO5: Score E3 | CP5: Score E4 | CQ5: Score E5 | CR5: Score E6
B6: 1 | C6: 46255.455 | D6: 28 | E6: Male | F6: 3rd year | G6: Nursing Sciences | H6: Yes | I6: =SUM(BL6:BU6) -> 8 | J6: =IF(COUNT(BV6:CD6)=9,SUM(BV6:CD6),"") -> 7 | K6: =SUM(BL6:CD6) -> 15 | L6: =--(K6>='Codebook'!$C$8) -> 1 | M6: =--(COUNT(BL6:CD6)=19) -> 1 | N6: =SUM(CE6:CL6) -> 5 | O6: =SUM(CM6:CR6) -> 4 | P6: =N6+O6 -> 9 | Q6: Yes | R6: Social media | S6: =--OR(Overview!$B$6="All",E6=Overview!$B$6)*--OR(Overview!$F$6="All",F6=Overview!$F$6)*--OR(Overview!$J$6="All",G6=Overview!$J$6)*--OR(Overview!$N$6="All",H6=Overview!$N$6) -> 1 | T6: True | U6: Not sure | V6: True | W6: True | X6: True | Y6: False | Z6: True | AA6: True | AB6: False | AC6: True | AD6: True | AE6: True | AF6: False | AG6: False | AH6: True | AI6: False | AJ6: True | AK6: True | AL6: False | AM6: Not covered | AN6: Not covered | AO6: Covered | AP6: Covered | AQ6: Not covered | AR6: Covered | AS6: Covered | AT6: Covered | AU6: Covered | AV6: Covered | AW6: Not covered | AX6: Not covered | AY6: Not covered | AZ6: Not covered | BA6: Radio or television, Social media (e.g. Facebook, WhatsApp, YouTube, X/Twitter), School coursework or lectures, Health facility staff | BB6: socil media | BC6: =--ISNUMBER(SEARCH("Radio or television",BA6)) -> 1 | BD6: =--ISNUMBER(SEARCH("Newspapers or print media",BA6)) -> 0 | BE6: =--ISNUMBER(SEARCH("Social media (e.g. Facebook, WhatsApp, YouTube, X/Twitter)",BA6)) -> 1 | BF6: =--ISNUMBER(SEARCH("Family members",BA6)) -> 0 | BG6: =--ISNUMBER(SEARCH("Friends or fellow students",BA6)) -> 0 | BH6: =--ISNUMBER(SEARCH("School coursework or lectures",BA6)) -> 1 | BI6: =--ISNUMBER(SEARCH("NHIMA outreach activities or NHIMA offices",BA6)) -> 0 | BJ6: =--ISNUMBER(SEARCH("Health facility staff",BA6)) -> 1 | BK6: =--ISNUMBER(SEARCH("not received information",BA6)) -> 0 | BL6: =IF(T6="","",--(T6='Codebook'!$F$13)) -> 1 | BM6: =IF(U6="","",--(U6='Codebook'!$F$14)) -> 0 | BN6: =IF(V6="","",--(V6='Codebook'!$F$15)) -> 0 | BO6: =IF(W6="","",--(W6='Codebook'!$F$16)) -> 1 | BP6: =IF(X6="","",--(X6='Codebook'!$F$17)) -> 1 | BQ6: =IF(Y6="","",--(Y6='Codebook'!$F$18)) -> 1 | BR6: =IF(Z6="","",--(Z6='Codebook'!$F$19)) -> 1 | BS6: =IF(AA6="","",--(AA6='Codebook'!$F$20)) -> 1 | BT6: =IF(AB6="","",--(AB6='Codebook'!$F$21)) -> 1 | BU6: =IF(AC6="","",--(AC6='Codebook'!$F$22)) -> 1 | BV6: =IF(AD6="","",--(AD6='Codebook'!$F$23)) -> 1 | BW6: =IF(AE6="","",--(AE6='Codebook'!$F$24)) -> 1 | BX6: =IF(AF6="","",--(AF6='Codebook'!$F$25)) -> 1 | BY6: =IF(AG6="","",--(AG6='Codebook'!$F$26)) -> 0 | BZ6: =IF(AH6="","",--(AH6='Codebook'!$F$27)) -> 1 | CA6: =IF(AI6="","",--(AI6='Codebook'!$F$28)) -> 1 | CB6: =IF(AJ6="","",--(AJ6='Codebook'!$F$29)) -> 0 | CC6: =IF(AK6="","",--(AK6='Codebook'!$F$30)) -> 1 | CD6: =IF(AL6="","",--(AL6='Codebook'!$F$31)) -> 1 | CE6: =IF(AM6="","",--(AM6='Codebook'!$F$32)) -> 0 | CF6: =IF(AN6="","",--(AN6='Codebook'!$F$33)) -> 0 | CG6: =IF(AO6="","",--(AO6='Codebook'!$F$34)) -> 1 | CH6: =IF(AP6="","",--(AP6='Codebook'!$F$35)) -> 1 | CI6: =IF(AQ6="","",--(AQ6='Codebook'!$F$36)) -> 0 | CJ6: =IF(AR6="","",--(AR6='Codebook'!$F$37)) -> 1 | CK6: =IF(AS6="","",--(AS6='Codebook'!$F$38)) -> 1 | CL6: =IF(AT6="","",--(AT6='Codebook'!$F$39)) -> 1 | CM6: =IF(AU6="","",--(AU6='Codebook'!$F$40)) -> 0 | CN6: =IF(AV6="","",--(AV6='Codebook'!$F$41)) -> 0 | CO6: =IF(AW6="","",--(AW6='Codebook'!$F$42)) -> 1 | CP6: =IF(AX6="","",--(AX6='Codebook'!$F$43)) -> 1 | CQ6: =IF(AY6="","",--(AY6='Codebook'!$F$44)) -> 1 | CR6: =IF(AZ6="","",--(AZ6='Codebook'!$F$45)) -> 1
B7: 2 | C7: 46255.516 | D7: 23 | E7: Male | F7: 4th year | G7: Public Health | H7: Yes | I7: =SUM(BL7:BU7) -> 8 | J7: =IF(COUNT(BV7:CD7)=9,SUM(BV7:CD7),"") -> 6 | K7: =SUM(BL7:CD7) -> 14 | L7: =--(K7>='Codebook'!$C$8) -> 1 | M7: =--(COUNT(BL7:CD7)=19) -> 1 | N7: =SUM(CE7:CL7) -> 4 | O7: =SUM(CM7:CR7) -> 6 | P7: =N7+O7 -> 10 | Q7: Yes | R7: Radio / TV | S7: =--OR(Overview!$B$6="All",E7=Overview!$B$6)*--OR(Overview!$F$6="All",F7=Overview!$F$6)*--OR(Overview!$J$6="All",G7=Overview!$J$6)*--OR(Overview!$N$6="All",H7=Overview!$N$6) -> 1 | T7: True | U7: True | V7: True | W7: True | X7: True | Y7: False | Z7: True | AA7: True | AB7: False | AC7: True | AD7: True | AE7: True | AF7: False | AG7: True | AH7: True | AI7: Not sure | AJ7: Not sure | AK7: Not sure | AL7: False | AM7: Not sure | AN7: Covered | AO7: Not sure | AP7: Not covered | AQ7: Not sure | AR7: Covered | AS7: Covered | AT7: Covered | AU7: Not covered | AV7: Not covered | AW7: Not covered | AX7: Not covered | AY7: Not covered | AZ7: Not covered | BA7: Radio or television, Social media (e.g. Facebook, WhatsApp, YouTube, X/Twitter), Family members, Friends or fellow students, School coursework or lectures | BB7: tv | BC7: =--ISNUMBER(SEARCH("Radio or television",BA7)) -> 1 | BD7: =--ISNUMBER(SEARCH("Newspapers or print media",BA7)) -> 0 | BE7: =--ISNUMBER(SEARCH("Social media (e.g. Facebook, WhatsApp, YouTube, X/Twitter)",BA7)) -> 1 | BF7: =--ISNUMBER(SEARCH("Family members",BA7)) -> 1 | BG7: =--ISNUMBER(SEARCH("Friends or fellow students",BA7)) -> 1 | BH7: =--ISNUMBER(SEARCH("School coursework or lectures",BA7)) -> 1 | BI7: =--ISNUMBER(SEARCH("NHIMA outreach activities or NHIMA offices",BA7)) -> 0 | BJ7: =--ISNUMBER(SEARCH("Health facility staff",BA7)) -> 0 | BK7: =--ISNUMBER(SEARCH("not received information",BA7)) -> 0 | BL7: =IF(T7="","",--(T7='Codebook'!$F$13)) -> 1 | BM7: =IF(U7="","",--(U7='Codebook'!$F$14)) -> 0 | BN7: =IF(V7="","",--(V7='Codebook'!$F$15)) -> 0 | BO7: =IF(W7="","",--(W7='Codebook'!$F$16)) -> 1 | BP7: =IF(X7="","",--(X7='Codebook'!$F$17)) -> 1 | BQ7: =IF(Y7="","",--(Y7='Codebook'!$F$18)) -> 1 | BR7: =IF(Z7="","",--(Z7='Codebook'!$F$19)) -> 1 | BS7: =IF(AA7="","",--(AA7='Codebook'!$F$20)) -> 1 | BT7: =IF(AB7="","",--(AB7='Codebook'!$F$21)) -> 1 | BU7: =IF(AC7="","",--(AC7='Codebook'!$F$22)) -> 1 | BV7: =IF(AD7="","",--(AD7='Codebook'!$F$23)) -> 1 | BW7: =IF(AE7="","",--(AE7='Codebook'!$F$24)) -> 1 | BX7: =IF(AF7="","",--(AF7='Codebook'!$F$25)) -> 1 | BY7: =IF(AG7="","",--(AG7='Codebook'!$F$26)) -> 1 | BZ7: =IF(AH7="","",--(AH7='Codebook'!$F$27)) -> 1 | CA7: =IF(AI7="","",--(AI7='Codebook'!$F$28)) -> 0 | CB7: =IF(AJ7="","",--(AJ7='Codebook'!$F$29)) -> 0 | CC7: =IF(AK7="","",--(AK7='Codebook'!$F$30)) -> 0 | CD7: =IF(AL7="","",--(AL7='Codebook'!$F$31)) -> 1 | CE7: =IF(AM7="","",--(AM7='Codebook'!$F$32)) -> 0 | CF7: =IF(AN7="","",--(AN7='Codebook'!$F$33)) -> 1 | CG7: =IF(AO7="","",--(AO7='Codebook'!$F$34)) -> 0 | CH7: =IF(AP7="","",--(AP7='Codebook'!$F$35)) -> 0 | CI7: =IF(AQ7="","",--(AQ7='Codebook'!$F$36)) -> 0 | CJ7: =IF(AR7="","",--(AR7='Codebook'!$F$37)) -> 1 | CK7: =IF(AS7="","",--(AS7='Codebook'!$F$38)) -> 1 | CL7: =IF(AT7="","",--(AT7='Codebook'!$F$39)) -> 1 | CM7: =IF(AU7="","",--(AU7='Codebook'!$F$40)) -> 1 | CN7: =IF(AV7="","",--(AV7='Codebook'!$F$41)) -> 1 | CO7: =IF(AW7="","",--(AW7='Codebook'!$F$42)) -> 1 | CP7: =IF(AX7="","",--(AX7='Codebook'!$F$43)) -> 1 | CQ7: =IF(AY7="","",--(AY7='Codebook'!$F$44)) -> 1 | CR7: =IF(AZ7="","",--(AZ7='Codebook'!$F$45)) -> 1
B8: 3 | C8: 46255.542 | D8: 23 years | E8: Female | F8: 4th year | G8: Public Health | H8: No | I8: =SUM(BL8:BU8) -> 9 | J8: =IF(COUNT(BV8:CD8)=9,SUM(BV8:CD8),"") -> 5 | K8: =SUM(BL8:CD8) -> 14 | L8: =--(K8>='Codebook'!$C$8) -> 1 | M8: =--(COUNT(BL8:CD8)=19) -> 1 | N8: =SUM(CE8:CL8) -> 5 | O8: =SUM(CM8:CR8) -> 1 | P8: =N8+O8 -> 6 | Q8: Yes | R8: Coursework / lectures | S8: =--OR(Overview!$B$6="All",E8=Overview!$B$6)*--OR(Overview!$F$6="All",F8=Overview!$F$6)*--OR(Overview!$J$6="All",G8=Overview!$J$6)*--OR(Overview!$N$6="All",H8=Overview!$N$6) -> 1 | T8: True | U8: True | V8: False | W8: True | X8: True | Y8: False | Z8: True | AA8: True | AB8: False | AC8: True | AD8: Not sure | AE8: Not sure | AF8: False | AG8: False | AH8: True | AI8: False | AJ8: True | AK8: True | AL8: False | AM8: Not sure | AN8: Covered | AO8: Covered | AP8: Covered | AQ8: Not covered | AR8: Covered | AS8: Not covered | AT8: Covered | AU8: Not sure | AV8: Not covered | AW8: Not sure | AX8: Not sure | AY8: Not sure | AZ8: Not sure | BA8: Social media (e.g. Facebook, WhatsApp, YouTube, X/Twitter), Family members, Friends or fellow students, School coursework or lectures, Health facility staff | BB8: School | BC8: =--ISNUMBER(SEARCH("Radio or television",BA8)) -> 0 | BD8: =--ISNUMBER(SEARCH("Newspapers or print media",BA8)) -> 0 | BE8: =--ISNUMBER(SEARCH("Social media (e.g. Facebook, WhatsApp, YouTube, X/Twitter)",BA8)) -> 1 | BF8: =--ISNUMBER(SEARCH("Family members",BA8)) -> 1 | BG8: =--ISNUMBER(SEARCH("Friends or fellow students",BA8)) -> 1 | BH8: =--ISNUMBER(SEARCH("School coursework or lectures",BA8)) -> 1 | BI8: =--ISNUMBER(SEARCH("NHIMA outreach activities or NHIMA offices",BA8)) -> 0 | BJ8: =--ISNUMBER(SEARCH("Health facility staff",BA8)) -> 1 | BK8: =--ISNUMBER(SEARCH("not received information",BA8)) -> 0 | BL8: =IF(T8="","",--(T8='Codebook'!$F$13)) -> 1 | BM8: =IF(U8="","",--(U8='Codebook'!$F$14)) -> 0 | BN8: =IF(V8="","",--(V8='Codebook'!$F$15)) -> 1 | BO8: =IF(W8="","",--(W8='Codebook'!$F$16)) -> 1 | BP8: =IF(X8="","",--(X8='Codebook'!$F$17)) -> 1 | BQ8: =IF(Y8="","",--(Y8='Codebook'!$F$18)) -> 1 | BR8: =IF(Z8="","",--(Z8='Codebook'!$F$19)) -> 1 | BS8: =IF(AA8="","",--(AA8='Codebook'!$F$20)) -> 1 | BT8: =IF(AB8="","",--(AB8='Codebook'!$F$21)) -> 1 | BU8: =IF(AC8="","",--(AC8='Codebook'!$F$22)) -> 1 | BV8: =IF(AD8="","",--(AD8='Codebook'!$F$23)) -> 0 | BW8: =IF(AE8="","",--(AE8='Codebook'!$F$24)) -> 0 | BX8: =IF(AF8="","",--(AF8='Codebook'!$F$25)) -> 1 | BY8: =IF(AG8="","",--(AG8='Codebook'!$F$26)) -> 0 | BZ8: =IF(AH8="","",--(AH8='Codebook'!$F$27)) -> 1 | CA8: =IF(AI8="","",--(AI8='Codebook'!$F$28)) -> 1 | CB8: =IF(AJ8="","",--(AJ8='Codebook'!$F$29)) -> 0 | CC8: =IF(AK8="","",--(AK8='Codebook'!$F$30)) -> 1 | CD8: =IF(AL8="","",--(AL8='Codebook'!$F$31)) -> 1 | CE8: =IF(AM8="","",--(AM8='Codebook'!$F$32)) -> 0 | CF8: =IF(AN8="","",--(AN8='Codebook'!$F$33)) -> 1 | CG8: =IF(AO8="","",--(AO8='Codebook'!$F$34)) -> 1 | CH8: =IF(AP8="","",--(AP8='Codebook'!$F$35)) -> 1 | CI8: =IF(AQ8="","",--(AQ8='Codebook'!$F$36)) -> 0 | CJ8: =IF(AR8="","",--(AR8='Codebook'!$F$37)) -> 1 | CK8: =IF(AS8="","",--(AS8='Codebook'!$F$38)) -> 0 | CL8: =IF(AT8="","",--(AT8='Codebook'!$F$39)) -> 1 | CM8: =IF(AU8="","",--(AU8='Codebook'!$F$40)) -> 0 | CN8: =IF(AV8="","",--(AV8='Codebook'!$F$41)) -> 1 | CO8: =IF(AW8="","",--(AW8='Codebook'!$F$42)) -> 0 | CP8: =IF(AX8="","",--(AX8='Codebook'!$F$43)) -> 0 | CQ8: =IF(AY8="","",--(AY8='Codebook'!$F$44)) -> 0 | CR8: =IF(AZ8="","",--(AZ8='Codebook'!$F$45)) -> 0
B9: 4 | C9: 46259.432 | D9: 23 | E9: Female | F9: 4th year | G9: Public Health | H9: No | I9: =SUM(BL9:BU9) -> 7 | J9: =IF(COUNT(BV9:CD9)=9,SUM(BV9:CD9),"") -> 6 | K9: =SUM(BL9:CD9) -> 13 | L9: =--(K9>='Codebook'!$C$8) -> 1 | M9: =--(COUNT(BL9:CD9)=19) -> 1 | N9: =SUM(CE9:CL9) -> 6 | O9: =SUM(CM9:CR9) -> 3 | P9: =N9+O9 -> 9 | Q9: Yes | R9: Friends / students | S9: =--OR(Overview!$B$6="All",E9=Overview!$B$6)*--OR(Overview!$F$6="All",F9=Overview!$F$6)*--OR(Overview!$J$6="All",G9=Overview!$J$6)*--OR(Overview!$N$6="All",H9=Overview!$N$6) -> 1 | T9: True | U9: Not sure | V9: False | W9: True | X9: True | Y9: Not sure | Z9: True | AA9: True | AB9: Not sure | AC9: True | AD9: True | AE9: True | AF9: False | AG9: Not sure | AH9: True | AI9: True | AJ9: Not sure | AK9: True | AL9: False | AM9: Not covered | AN9: Covered | AO9: Covered | AP9: Covered | AQ9: Not sure | AR9: Covered | AS9: Covered | AT9: Covered | AU9: Covered | AV9: Not covered | AW9: Not covered | AX9: Not sure | AY9: Not covered | AZ9: Covered | BA9: School coursework or lectures | BB9: From friends | BC9: =--ISNUMBER(SEARCH("Radio or television",BA9)) -> 0 | BD9: =--ISNUMBER(SEARCH("Newspapers or print media",BA9)) -> 0 | BE9: =--ISNUMBER(SEARCH("Social media (e.g. Facebook, WhatsApp, YouTube, X/Twitter)",BA9)) -> 0 | BF9: =--ISNUMBER(SEARCH("Family members",BA9)) -> 0 | BG9: =--ISNUMBER(SEARCH("Friends or fellow students",BA9)) -> 0 | BH9: =--ISNUMBER(SEARCH("School coursework or lectures",BA9)) -> 1 | BI9: =--ISNUMBER(SEARCH("NHIMA outreach activities or NHIMA offices",BA9)) -> 0 | BJ9: =--ISNUMBER(SEARCH("Health facility staff",BA9)) -> 0 | BK9: =--ISNUMBER(SEARCH("not received information",BA9)) -> 0 | BL9: =IF(T9="","",--(T9='Codebook'!$F$13)) -> 1 | BM9: =IF(U9="","",--(U9='Codebook'!$F$14)) -> 0 | BN9: =IF(V9="","",--(V9='Codebook'!$F$15)) -> 1 | BO9: =IF(W9="","",--(W9='Codebook'!$F$16)) -> 1 | BP9: =IF(X9="","",--(X9='Codebook'!$F$17)) -> 1 | BQ9: =IF(Y9="","",--(Y9='Codebook'!$F$18)) -> 0 | BR9: =IF(Z9="","",--(Z9='Codebook'!$F$19)) -> 1 | BS9: =IF(AA9="","",--(AA9='Codebook'!$F$20)) -> 1 | BT9: =IF(AB9="","",--(AB9='Codebook'!$F$21)) -> 0 | BU9: =IF(AC9="","",--(AC9='Codebook'!$F$22)) -> 1 | BV9: =IF(AD9="","",--(AD9='Codebook'!$F$23)) -> 1 | BW9: =IF(AE9="","",--(AE9='Codebook'!$F$24)) -> 1 | BX9: =IF(AF9="","",--(AF9='Codebook'!$F$25)) -> 1 | BY9: =IF(AG9="","",--(AG9='Codebook'!$F$26)) -> 0 | BZ9: =IF(AH9="","",--(AH9='Codebook'!$F$27)) -> 1 | CA9: =IF(AI9="","",--(AI9='Codebook'!$F$28)) -> 0 | CB9: =IF(AJ9="","",--(AJ9='Codebook'!$F$29)) -> 0 | CC9: =IF(AK9="","",--(AK9='Codebook'!$F$30)) -> 1 | CD9: =IF(AL9="","",--(AL9='Codebook'!$F$31)) -> 1 | CE9: =IF(AM9="","",--(AM9='Codebook'!$F$32)) -> 0 | CF9: =IF(AN9="","",--(AN9='Codebook'!$F$33)) -> 1 | CG9: =IF(AO9="","",--(AO9='Codebook'!$F$34)) -> 1 | CH9: =IF(AP9="","",--(AP9='Codebook'!$F$35)) -> 1 | CI9: =IF(AQ9="","",--(AQ9='Codebook'!$F$36)) -> 0 | CJ9: =IF(AR9="","",--(AR9='Codebook'!$F$37)) -> 1 | CK9: =IF(AS9="","",--(AS9='Codebook'!$F$38)) -> 1 | CL9: =IF(AT9="","",--(AT9='Codebook'!$F$39)) -> 1 | CM9: =IF(AU9="","",--(AU9='Codebook'!$F$40)) -> 0 | CN9: =IF(AV9="","",--(AV9='Codebook'!$F$41)) -> 1 | CO9: =IF(AW9="","",--(AW9='Codebook'!$F$42)) -> 1 | CP9: =IF(AX9="","",--(AX9='Codebook'!$F$43)) -> 0 | CQ9: =IF(AY9="","",--(AY9='Codebook'!$F$44)) -> 1 | CR9: =IF(AZ9="","",--(AZ9='Codebook'!$F$45)) -> 0
B10: 5 | C10: 46259.537 | D10: 23 | E10: Male | F10: 2nd year | G10: Nursing Sciences | H10: No | I10: =SUM(BL10:BU10) -> 7 | J10: =IF(COUNT(BV10:CD10)=9,SUM(BV10:CD10),"") -> 5 | K10: =SUM(BL10:CD10) -> 12 | L10: =--(K10>='Codebook'!$C$8) -> 1 | M10: =--(COUNT(BL10:CD10)=19) -> 1 | N10: =SUM(CE10:CL10) -> 3 | O10: =SUM(CM10:CR10) -> 2 | P10: =N10+O10 -> 5 | Q10: Yes | R10: Other / unclear | S10: =--OR(Overview!$B$6="All",E10=Overview!$B$6)*--OR(Overview!$F$6="All",F10=Overview!$F$6)*--OR(Overview!$J$6="All",G10=Overview!$J$6)*--OR(Overview!$N$6="All",H10=Overview!$N$6) -> 1 | T10: True | U10: Not sure | V10: False | W10: True | X10: True | Y10: False | Z10: True | AA10: True | AB10: Not sure | AC10: Not sure | AD10: Not sure | AE10: True | AF10: False | AG10: Not sure | AH10: True | AI10: False | AJ10: Not sure | AK10: Not sure | AL10: False | AM10: Covered | AN10: Not sure | AO10: Not sure | AP10: Covered | AQ10: Not sure | AR10: Covered | AS10: Not covered | AT10: Not sure | AU10: Not sure | AV10: Not sure | AW10: Not sure | AX10: Not covered | AY10: Not covered | AZ10: Not sure | BA10: School coursework or lectures | BB10: Reproductive health | BC10: =--ISNUMBER(SEARCH("Radio or television",BA10)) -> 0 | BD10: =--ISNUMBER(SEARCH("Newspapers or print media",BA10)) -> 0 | BE10: =--ISNUMBER(SEARCH("Social media (e.g. Facebook, WhatsApp, YouTube, X/Twitter)",BA10)) -> 0 | BF10: =--ISNUMBER(SEARCH("Family members",BA10)) -> 0 | BG10: =--ISNUMBER(SEARCH("Friends or fellow students",BA10)) -> 0 | BH10: =--ISNUMBER(SEARCH("School coursework or lectures",BA10)) -> 1 | BI10: =--ISNUMBER(SEARCH("NHIMA outreach activities or NHIMA offices",BA10)) -> 0 | BJ10: =--ISNUMBER(SEARCH("Health facility staff",BA10)) -> 0 | BK10: =--ISNUMBER(SEARCH("not received information",BA10)) -> 0 | BL10: =IF(T10="","",--(T10='Codebook'!$F$13)) -> 1 | BM10: =IF(U10="","",--(U10='Codebook'!$F$14)) -> 0 | BN10: =IF(V10="","",--(V10='Codebook'!$F$15)) -> 1 | BO10: =IF(W10="","",--(W10='Codebook'!$F$16)) -> 1 | BP10: =IF(X10="","",--(X10='Codebook'!$F$17)) -> 1 | BQ10: =IF(Y10="","",--(Y10='Codebook'!$F$18)) -> 1 | BR10: =IF(Z10="","",--(Z10='Codebook'!$F$19)) -> 1 | BS10: =IF(AA10="","",--(AA10='Codebook'!$F$20)) -> 1 | BT10: =IF(AB10="","",--(AB10='Codebook'!$F$21)) -> 0 | BU10: =IF(AC10="","",--(AC10='Codebook'!$F$22)) -> 0 | BV10: =IF(AD10="","",--(AD10='Codebook'!$F$23)) -> 0 | BW10: =IF(AE10="","",--(AE10='Codebook'!$F$24)) -> 1 | BX10: =IF(AF10="","",--(AF10='Codebook'!$F$25)) -> 1 | BY10: =IF(AG10="","",--(AG10='Codebook'!$F$26)) -> 0 | BZ10: =IF(AH10="","",--(AH10='Codebook'!$F$27)) -> 1 | CA10: =IF(AI10="","",--(AI10='Codebook'!$F$28)) -> 1 | CB10: =IF(AJ10="","",--(AJ10='Codebook'!$F$29)) -> 0 | CC10: =IF(AK10="","",--(AK10='Codebook'!$F$30)) -> 0 | CD10: =IF(AL10="","",--(AL10='Codebook'!$F$31)) -> 1 | CE10: =IF(AM10="","",--(AM10='Codebook'!$F$32)) -> 1 | CF10: =IF(AN10="","",--(AN10='Codebook'!$F$33)) -> 0 | CG10: =IF(AO10="","",--(AO10='Codebook'!$F$34)) -> 0 | CH10: =IF(AP10="","",--(AP10='Codebook'!$F$35)) -> 1 | CI10: =IF(AQ10="","",--(AQ10='Codebook'!$F$36)) -> 0 | CJ10: =IF(AR10="","",--(AR10='Codebook'!$F$37)) -> 1 | CK10: =IF(AS10="","",--(AS10='Codebook'!$F$38)) -> 0 | CL10: =IF(AT10="","",--(AT10='Codebook'!$F$39)) -> 0 | CM10: =IF(AU10="","",--(AU10='Codebook'!$F$40)) -> 0 | CN10: =IF(AV10="","",--(AV10='Codebook'!$F$41)) -> 0 | CO10: =IF(AW10="","",--(AW10='Codebook'!$F$42)) -> 0 | CP10: =IF(AX10="","",--(AX10='Codebook'!$F$43)) -> 1 | CQ10: =IF(AY10="","",--(AY10='Codebook'!$F$44)) -> 1 | CR10: =IF(AZ10="","",--(AZ10='Codebook'!$F$45)) -> 0
B11: 6 | C11: 46259.57 | D11: 25 | E11: Male | F11: 4th year | G11: Pharmacy | H11: No | I11: =SUM(BL11:BU11) -> 8 | J11: =IF(COUNT(BV11:CD11)=9,SUM(BV11:CD11),"") -> 6 | K11: =SUM(BL11:CD11) -> 14 | L11: =--(K11>='Codebook'!$C$8) -> 1 | M11: =--(COUNT(BL11:CD11)=19) -> 1 | N11: =SUM(CE11:CL11) -> 7 | O11: =SUM(CM11:CR11) -> 5 | P11: =N11+O11 -> 12 | Q11: Yes | R11: Multiple sources | S11: =--OR(Overview!$B$6="All",E11=Overview!$B$6)*--OR(Overview!$F$6="All",F11=Overview!$F$6)*--OR(Overview!$J$6="All",G11=Overview!$J$6)*--OR(Overview!$N$6="All",H11=Overview!$N$6) -> 1 | T11: True | U11: True | V11: False | W11: True | X11: True | Y11: True | Z11: True | AA11: True | AB11: False | AC11: True | AD11: True | AE11: True | AF11: True | AG11: True | AH11: True | AI11: True | AJ11: False | AK11: True | AL11: True | AM11: Covered | AN11: Covered | AO11: Covered | AP11: Covered | AQ11: Covered | AR11: Covered | AS11: Not covered | AT11: Covered | AU11: Covered | AV11: Not covered | AW11: Not covered | AX11: Not covered | AY11: Not covered | AZ11: Not covered | BA11: Radio or television, Newspapers or print media, Family members, Friends or fellow students, School coursework or lectures, NHIMA outreach activities or NHIMA offices | BB11: My family and friends | BC11: =--ISNUMBER(SEARCH("Radio or television",BA11)) -> 1 | BD11: =--ISNUMBER(SEARCH("Newspapers or print media",BA11)) -> 1 | BE11: =--ISNUMBER(SEARCH("Social media (e.g. Facebook, WhatsApp, YouTube, X/Twitter)",BA11)) -> 0 | BF11: =--ISNUMBER(SEARCH("Family members",BA11)) -> 1 | BG11: =--ISNUMBER(SEARCH("Friends or fellow students",BA11)) -> 1 | BH11: =--ISNUMBER(SEARCH("School coursework or lectures",BA11)) -> 1 | BI11: =--ISNUMBER(SEARCH("NHIMA outreach activities or NHIMA offices",BA11)) -> 1 | BJ11: =--ISNUMBER(SEARCH("Health facility staff",BA11)) -> 0 | BK11: =--ISNUMBER(SEARCH("not received information",BA11)) -> 0 | BL11: =IF(T11="","",--(T11='Codebook'!$F$13)) -> 1 | BM11: =IF(U11="","",--(U11='Codebook'!$F$14)) -> 0 | BN11: =IF(V11="","",--(V11='Codebook'!$F$15)) -> 1 | BO11: =IF(W11="","",--(W11='Codebook'!$F$16)) -> 1 | BP11: =IF(X11="","",--(X11='Codebook'!$F$17)) -> 1 | BQ11: =IF(Y11="","",--(Y11='Codebook'!$F$18)) -> 0 | BR11: =IF(Z11="","",--(Z11='Codebook'!$F$19)) -> 1 | BS11: =IF(AA11="","",--(AA11='Codebook'!$F$20)) -> 1 | BT11: =IF(AB11="","",--(AB11='Codebook'!$F$21)) -> 1 | BU11: =IF(AC11="","",--(AC11='Codebook'!$F$22)) -> 1 | BV11: =IF(AD11="","",--(AD11='Codebook'!$F$23)) -> 1 | BW11: =IF(AE11="","",--(AE11='Codebook'!$F$24)) -> 1 | BX11: =IF(AF11="","",--(AF11='Codebook'!$F$25)) -> 0 | BY11: =IF(AG11="","",--(AG11='Codebook'!$F$26)) -> 1 | BZ11: =IF(AH11="","",--(AH11='Codebook'!$F$27)) -> 1 | CA11: =IF(AI11="","",--(AI11='Codebook'!$F$28)) -> 0 | CB11: =IF(AJ11="","",--(AJ11='Codebook'!$F$29)) -> 1 | CC11: =IF(AK11="","",--(AK11='Codebook'!$F$30)) -> 1 | CD11: =IF(AL11="","",--(AL11='Codebook'!$F$31)) -> 0 | CE11: =IF(AM11="","",--(AM11='Codebook'!$F$32)) -> 1 | CF11: =IF(AN11="","",--(AN11='Codebook'!$F$33)) -> 1 | CG11: =IF(AO11="","",--(AO11='Codebook'!$F$34)) -> 1 | CH11: =IF(AP11="","",--(AP11='Codebook'!$F$35)) -> 1 | CI11: =IF(AQ11="","",--(AQ11='Codebook'!$F$36)) -> 1 | CJ11: =IF(AR11="","",--(AR11='Codebook'!$F$37)) -> 1 | CK11: =IF(AS11="","",--(AS11='Codebook'!$F$38)) -> 0 | CL11: =IF(AT11="","",--(AT11='Codebook'!$F$39)) -> 1 | CM11: =IF(AU11="","",--(AU11='Codebook'!$F$40)) -> 0 | CN11: =IF(AV11="","",--(AV11='Codebook'!$F$41)) -> 1 | CO11: =IF(AW11="","",--(AW11='Codebook'!$F$42)) -> 1 | CP11: =IF(AX11="","",--(AX11='Codebook'!$F$43)) -> 1 | CQ11: =IF(AY11="","",--(AY11='Codebook'!$F$44)) -> 1 | CR11: =IF(AZ11="","",--(AZ11='Codebook'!$F$45)) -> 1
B12: 7 | C12: 46259.575 | D12: 26 | E12: Female | F12: 3rd year | G12: Nursing Sciences | H12: No | I12: =SUM(BL12:BU12) -> 2 | J12: =IF(COUNT(BV12:CD12)=9,SUM(BV12:CD12),"") -> 3 | K12: =SUM(BL12:CD12) -> 5 | L12: =--(K12>='Codebook'!$C$8) -> 0 | M12: =--(COUNT(BL12:CD12)=19) -> 1 | N12: =SUM(CE12:CL12) -> 4 | O12: =SUM(CM12:CR12) -> 4 | P12: =N12+O12 -> 8 | Q12: No | R12: Family | S12: =--OR(Overview!$B$6="All",E12=Overview!$B$6)*--OR(Overview!$F$6="All",F12=Overview!$F$6)*--OR(Overview!$J$6="All",G12=Overview!$J$6)*--OR(Overview!$N$6="All",H12=Overview!$N$6) -> 1 | T12: True | U12: False | V12: Not sure | W12: Not sure | X12: Not sure | Y12: Not sure | Z12: Not sure | AA12: False | AB12: Not sure | AC12: False | AD12: Not sure | AE12: False | AF12: False | AG12: False | AH12: False | AI12: Not sure | AJ12: False | AK12: False | AL12: False | AM12: Not covered | AN12: Not sure | AO12: Not covered | AP12: Covered | AQ12: Not covered | AR12: Covered | AS12: Covered | AT12: Covered | AU12: Covered | AV12: Not covered | AW12: Not covered | AX12: Covered | AY12: Not covered | AZ12: Not covered | BA12: Family members | BB12: Family | BC12: =--ISNUMBER(SEARCH("Radio or television",BA12)) -> 0 | BD12: =--ISNUMBER(SEARCH("Newspapers or print media",BA12)) -> 0 | BE12: =--ISNUMBER(SEARCH("Social media (e.g. Facebook, WhatsApp, YouTube, X/Twitter)",BA12)) -> 0 | BF12: =--ISNUMBER(SEARCH("Family members",BA12)) -> 1 | BG12: =--ISNUMBER(SEARCH("Friends or fellow students",BA12)) -> 0 | BH12: =--ISNUMBER(SEARCH("School coursework or lectures",BA12)) -> 0 | BI12: =--ISNUMBER(SEARCH("NHIMA outreach activities or NHIMA offices",BA12)) -> 0 | BJ12: =--ISNUMBER(SEARCH("Health facility staff",BA12)) -> 0 | BK12: =--ISNUMBER(SEARCH("not received information",BA12)) -> 0 | BL12: =IF(T12="","",--(T12='Codebook'!$F$13)) -> 1 | BM12: =IF(U12="","",--(U12='Codebook'!$F$14)) -> 1 | BN12: =IF(V12="","",--(V12='Codebook'!$F$15)) -> 0 | BO12: =IF(W12="","",--(W12='Codebook'!$F$16)) -> 0 | BP12: =IF(X12="","",--(X12='Codebook'!$F$17)) -> 0 | BQ12: =IF(Y12="","",--(Y12='Codebook'!$F$18)) -> 0 | BR12: =IF(Z12="","",--(Z12='Codebook'!$F$19)) -> 0 | BS12: =IF(AA12="","",--(AA12='Codebook'!$F$20)) -> 0 | BT12: =IF(AB12="","",--(AB12='Codebook'!$F$21)) -> 0 | BU12: =IF(AC12="","",--(AC12='Codebook'!$F$22)) -> 0 | BV12: =IF(AD12="","",--(AD12='Codebook'!$F$23)) -> 0 | BW12: =IF(AE12="","",--(AE12='Codebook'!$F$24)) -> 0 | BX12: =IF(AF12="","",--(AF12='Codebook'!$F$25)) -> 1 | BY12: =IF(AG12="","",--(AG12='Codebook'!$F$26)) -> 0 | BZ12: =IF(AH12="","",--(AH12='Codebook'!$F$27)) -> 0 | CA12: =IF(AI12="","",--(AI12='Codebook'!$F$28)) -> 0 | CB12: =IF(AJ12="","",--(AJ12='Codebook'!$F$29)) -> 1 | CC12: =IF(AK12="","",--(AK12='Codebook'!$F$30)) -> 0 | CD12: =IF(AL12="","",--(AL12='Codebook'!$F$31)) -> 1 | CE12: =IF(AM12="","",--(AM12='Codebook'!$F$32)) -> 0 | CF12: =IF(AN12="","",--(AN12='Codebook'!$F$33)) -> 0 | CG12: =IF(AO12="","",--(AO12='Codebook'!$F$34)) -> 0 | CH12: =IF(AP12="","",--(AP12='Codebook'!$F$35)) -> 1 | CI12: =IF(AQ12="","",--(AQ12='Codebook'!$F$36)) -> 0 | CJ12: =IF(AR12="","",--(AR12='Codebook'!$F$37)) -> 1 | CK12: =IF(AS12="","",--(AS12='Codebook'!$F$38)) -> 1 | CL12: =IF(AT12="","",--(AT12='Codebook'!$F$39)) -> 1 | CM12: =IF(AU12="","",--(AU12='Codebook'!$F$40)) -> 0 | CN12: =IF(AV12="","",--(AV12='Codebook'!$F$41)) -> 1 | CO12: =IF(AW12="","",--(AW12='Codebook'!$F$42)) -> 1 | CP12: =IF(AX12="","",--(AX12='Codebook'!$F$43)) -> 0 | CQ12: =IF(AY12="","",--(AY12='Codebook'!$F$44)) -> 1 | CR12: =IF(AZ12="","",--(AZ12='Codebook'!$F$45)) -> 1
B13: 8 | C13: 46259.576 | D13: 25 | E13: Male | F13: 3rd year | G13: Public Health | H13: No | I13: =SUM(BL13:BU13) -> 3 | J13: =IF(COUNT(BV13:CD13)=9,SUM(BV13:CD13),"") | K13: =SUM(BL13:CD13) -> 3 | L13: =--(K13>='Codebook'!$C$8) -> 0 | M13: =--(COUNT(BL13:CD13)=19) -> 0 | N13: =SUM(CE13:CL13) -> 3 | O13: =SUM(CM13:CR13) -> 6 | P13: =N13+O13 -> 9 | Q13: Yes | R13: Health facility staff | S13: =--OR(Overview!$B$6="All",E13=Overview!$B$6)*--OR(Overview!$F$6="All",F13=Overview!$F$6)*--OR(Overview!$J$6="All",G13=Overview!$J$6)*--OR(Overview!$N$6="All",H13=Overview!$N$6) -> 1 | T13: Not sure | U13: False | V13: Not sure | W13: False | X13: Not sure | Y13: Not sure | Z13: False | AA13: True | AB13: False | AC13: False | AM13: Covered | AN13: Not covered | AO13: Covered | AP13: Not covered | AQ13: Not sure | AR13: Not sure | AS13: Not covered | AT13: Covered | AU13: Not covered | AV13: Not covered | AW13: Not covered | AX13: Not covered | AY13: Not covered | AZ13: Not covered | BA13: Social media (e.g. Facebook, WhatsApp, YouTube, X/Twitter), Health facility staff | BB13: Health facility | BC13: =--ISNUMBER(SEARCH("Radio or television",BA13)) -> 0 | BD13: =--ISNUMBER(SEARCH("Newspapers or print media",BA13)) -> 0 | BE13: =--ISNUMBER(SEARCH("Social media (e.g. Facebook, WhatsApp, YouTube, X/Twitter)",BA13)) -> 1 | BF13: =--ISNUMBER(SEARCH("Family members",BA13)) -> 0 | BG13: =--ISNUMBER(SEARCH("Friends or fellow students",BA13)) -> 0 | BH13: =--ISNUMBER(SEARCH("School coursework or lectures",BA13)) -> 0 | BI13: =--ISNUMBER(SEARCH("NHIMA outreach activities or NHIMA offices",BA13)) -> 0 | BJ13: =--ISNUMBER(SEARCH("Health facility staff",BA13)) -> 1 | BK13: =--ISNUMBER(SEARCH("not received information",BA13)) -> 0 | BL13: =IF(T13="","",--(T13='Codebook'!$F$13)) -> 0 | BM13: =IF(U13="","",--(U13='Codebook'!$F$14)) -> 1 | BN13: =IF(V13="","",--(V13='Codebook'!$F$15)) -> 0 | BO13: =IF(W13="","",--(W13='Codebook'!$F$16)) -> 0 | BP13: =IF(X13="","",--(X13='Codebook'!$F$17)) -> 0 | BQ13: =IF(Y13="","",--(Y13='Codebook'!$F$18)) -> 0 | BR13: =IF(Z13="","",--(Z13='Codebook'!$F$19)) -> 0 | BS13: =IF(AA13="","",--(AA13='Codebook'!$F$20)) -> 1 | BT13: =IF(AB13="","",--(AB13='Codebook'!$F$21)) -> 1 | BU13: =IF(AC13="","",--(AC13='Codebook'!$F$22)) -> 0 | BV13: =IF(AD13="","",--(AD13='Codebook'!$F$23)) | BW13: =IF(AE13="","",--(AE13='Codebook'!$F$24)) | BX13: =IF(AF13="","",--(AF13='Codebook'!$F$25)) | BY13: =IF(AG13="","",--(AG13='Codebook'!$F$26)) | BZ13: =IF(AH13="","",--(AH13='Codebook'!$F$27)) | CA13: =IF(AI13="","",--(AI13='Codebook'!$F$28)) | CB13: =IF(AJ13="","",--(AJ13='Codebook'!$F$29)) | CC13: =IF(AK13="","",--(AK13='Codebook'!$F$30)) | CD13: =IF(AL13="","",--(AL13='Codebook'!$F$31)) | CE13: =IF(AM13="","",--(AM13='Codebook'!$F$32)) -> 1 | CF13: =IF(AN13="","",--(AN13='Codebook'!$F$33)) -> 0 | CG13: =IF(AO13="","",--(AO13='Codebook'!$F$34)) -> 1 | CH13: =IF(AP13="","",--(AP13='Codebook'!$F$35)) -> 0 | CI13: =IF(AQ13="","",--(AQ13='Codebook'!$F$36)) -> 0 | CJ13: =IF(AR13="","",--(AR13='Codebook'!$F$37)) -> 0 | CK13: =IF(AS13="","",--(AS13='Codebook'!$F$38)) -> 0 | CL13: =IF(AT13="","",--(AT13='Codebook'!$F$39)) -> 1 | CM13: =IF(AU13="","",--(AU13='Codebook'!$F$40)) -> 1 | CN13: =IF(AV13="","",--(AV13='Codebook'!$F$41)) -> 1 | CO13: =IF(AW13="","",--(AW13='Codebook'!$F$42)) -> 1 | CP13: =IF(AX13="","",--(AX13='Codebook'!$F$43)) -> 1 | CQ13: =IF(AY13="","",--(AY13='Codebook'!$F$44)) -> 1 | CR13: =IF(AZ13="","",--(AZ13='Codebook'!$F$45)) -> 1
B14: 9 | C14: 46259.593 | D14: 25 | E14: Female | F14: 4th year | G14: Public Health | H14: No | I14: =SUM(BL14:BU14) -> 3 | J14: =IF(COUNT(BV14:CD14)=9,SUM(BV14:CD14),"") -> 7 | K14: =SUM(BL14:CD14) -> 10 | L14: =--(K14>='Codebook'!$C$8) -> 0 | M14: =--(COUNT(BL14:CD14)=19) -> 1 | N14: =SUM(CE14:CL14) -> 2 | O14: =SUM(CM14:CR14) -> 3 | P14: =N14+O14 -> 5 | Q14: No | R14: Missing | S14: =--OR(Overview!$B$6="All",E14=Overview!$B$6)*--OR(Overview!$F$6="All",F14=Overview!$F$6)*--OR(Overview!$J$6="All",G14=Overview!$J$6)*--OR(Overview!$N$6="All",H14=Overview!$N$6) -> 1 | T14: False | U14: Not sure | V14: Not sure | W14: True | X14: False | Y14: True | Z14: False | AA14: True | AB14: False | AC14: Not sure | AD14: True | AE14: False | AF14: False | AG14: True | AH14: Not sure | AI14: False | AJ14: False | AK14: True | AL14: False | AM14: Not sure | AN14: Covered | AO14: Not covered | AP14: Not covered | AQ14: Covered | AR14: Not covered | AS14: Not sure | AT14: Not covered | AU14: Not covered | AV14: Covered | AW14: Not sure | AX14: Not covered | AY14: Covered | AZ14: Not covered | BA14: Radio or television | BC14: =--ISNUMBER(SEARCH("Radio or television",BA14)) -> 1 | BD14: =--ISNUMBER(SEARCH("Newspapers or print media",BA14)) -> 0 | BE14: =--ISNUMBER(SEARCH("Social media (e.g. Facebook, WhatsApp, YouTube, X/Twitter)",BA14)) -> 0 | BF14: =--ISNUMBER(SEARCH("Family members",BA14)) -> 0 | BG14: =--ISNUMBER(SEARCH("Friends or fellow students",BA14)) -> 0 | BH14: =--ISNUMBER(SEARCH("School coursework or lectures",BA14)) -> 0 | BI14: =--ISNUMBER(SEARCH("NHIMA outreach activities or NHIMA offices",BA14)) -> 0 | BJ14: =--ISNUMBER(SEARCH("Health facility staff",BA14)) -> 0 | BK14: =--ISNUMBER(SEARCH("not received information",BA14)) -> 0 | BL14: =IF(T14="","",--(T14='Codebook'!$F$13)) -> 0 | BM14: =IF(U14="","",--(U14='Codebook'!$F$14)) -> 0 | BN14: =IF(V14="","",--(V14='Codebook'!$F$15)) -> 0 | BO14: =IF(W14="","",--(W14='Codebook'!$F$16)) -> 1 | BP14: =IF(X14="","",--(X14='Codebook'!$F$17)) -> 0 | BQ14: =IF(Y14="","",--(Y14='Codebook'!$F$18)) -> 0 | BR14: =IF(Z14="","",--(Z14='Codebook'!$F$19)) -> 0 | BS14: =IF(AA14="","",--(AA14='Codebook'!$F$20)) -> 1 | BT14: =IF(AB14="","",--(AB14='Codebook'!$F$21)) -> 1 | BU14: =IF(AC14="","",--(AC14='Codebook'!$F$22)) -> 0 | BV14: =IF(AD14="","",--(AD14='Codebook'!$F$23)) -> 1 | BW14: =IF(AE14="","",--(AE14='Codebook'!$F$24)) -> 0 | BX14: =IF(AF14="","",--(AF14='Codebook'!$F$25)) -> 1 | BY14: =IF(AG14="","",--(AG14='Codebook'!$F$26)) -> 1 | BZ14: =IF(AH14="","",--(AH14='Codebook'!$F$27)) -> 0 | CA14: =IF(AI14="","",--(AI14='Codebook'!$F$28)) -> 1 | CB14: =IF(AJ14="","",--(AJ14='Codebook'!$F$29)) -> 1 | CC14: =IF(AK14="","",--(AK14='Codebook'!$F$30)) -> 1 | CD14: =IF(AL14="","",--(AL14='Codebook'!$F$31)) -> 1 | CE14: =IF(AM14="","",--(AM14='Codebook'!$F$32)) -> 0 | CF14: =IF(AN14="","",--(AN14='Codebook'!$F$33)) -> 1 | CG14: =IF(AO14="","",--(AO14='Codebook'!$F$34)) -> 0 | CH14: =IF(AP14="","",--(AP14='Codebook'!$F$35)) -> 0 | CI14: =IF(AQ14="","",--(AQ14='Codebook'!$F$36)) -> 1 | CJ14: =IF(AR14="","",--(AR14='Codebook'!$F$37)) -> 0 | CK14: =IF(AS14="","",--(AS14='Codebook'!$F$38)) -> 0 | CL14: =IF(AT14="","",--(AT14='Codebook'!$F$39)) -> 0 | CM14: =IF(AU14="","",--(AU14='Codebook'!$F$40)) -> 1 | CN14: =IF(AV14="","",--(AV14='Codebook'!$F$41)) -> 0 | CO14: =IF(AW14="","",--(AW14='Codebook'!$F$42)) -> 0 | CP14: =IF(AX14="","",--(AX14='Codebook'!$F$43)) -> 1 | CQ14: =IF(AY14="","",--(AY14='Codebook'!$F$44)) -> 0 | CR14: =IF(AZ14="","",--(AZ14='Codebook'!$F$45)) -> 1
B15: 10 | C15: 46259.623 | D15: 25 | E15: Male | F15: 4th year | G15: Medicine | H15: No | I15: =SUM(BL15:BU15) -> 10 | J15: =IF(COUNT(BV15:CD15)=9,SUM(BV15:CD15),"") -> 6 | K15: =SUM(BL15:CD15) -> 16 | L15: =--(K15>='Codebook'!$C$8) -> 1 | M15: =--(COUNT(BL15:CD15)=19) -> 1 | N15: =SUM(CE15:CL15) -> 4 | O15: =SUM(CM15:CR15) -> 0 | P15: =N15+O15 -> 4 | Q15: Not sure | R15: Health facility staff | S15: =--OR(Overview!$B$6="All",E15=Overview!$B$6)*--OR(Overview!$F$6="All",F15=Overview!$F$6)*--OR(Overview!$J$6="All",G15=Overview!$J$6)*--OR(Overview!$N$6="All",H15=Overview!$N$6) -> 1 | T15: True | U15: False | V15: False | W15: True | X15: True | Y15: False | Z15: True | AA15: True | AB15: False | AC15: True | AD15: True | AE15: True | AF15: False | AG15: Not sure | AH15: Not sure | AI15: False | AJ15: Not sure | AK15: True | AL15: False | AM15: Not sure | AN15: Covered | AO15: Not sure | AP15: Not sure | AQ15: Not sure | AR15: Covered | AS15: Covered | AT15: Covered | AU15: Not sure | AV15: Not sure | AW15: Not sure | AX15: Not sure | AY15: Not sure | AZ15: Not sure | BA15: NHIMA outreach activities or NHIMA offices | BB15: Health facility | BC15: =--ISNUMBER(SEARCH("Radio or television",BA15)) -> 0 | BD15: =--ISNUMBER(SEARCH("Newspapers or print media",BA15)) -> 0 | BE15: =--ISNUMBER(SEARCH("Social media (e.g. Facebook, WhatsApp, YouTube, X/Twitter)",BA15)) -> 0 | BF15: =--ISNUMBER(SEARCH("Family members",BA15)) -> 0 | BG15: =--ISNUMBER(SEARCH("Friends or fellow students",BA15)) -> 0 | BH15: =--ISNUMBER(SEARCH("School coursework or lectures",BA15)) -> 0 | BI15: =--ISNUMBER(SEARCH("NHIMA outreach activities or NHIMA offices",BA15)) -> 1 | BJ15: =--ISNUMBER(SEARCH("Health facility staff",BA15)) -> 0 | BK15: =--ISNUMBER(SEARCH("not received information",BA15)) -> 0 | BL15: =IF(T15="","",--(T15='Codebook'!$F$13)) -> 1 | BM15: =IF(U15="","",--(U15='Codebook'!$F$14)) -> 1 | BN15: =IF(V15="","",--(V15='Codebook'!$F$15)) -> 1 | BO15: =IF(W15="","",--(W15='Codebook'!$F$16)) -> 1 | BP15: =IF(X15="","",--(X15='Codebook'!$F$17)) -> 1 | BQ15: =IF(Y15="","",--(Y15='Codebook'!$F$18)) -> 1 | BR15: =IF(Z15="","",--(Z15='Codebook'!$F$19)) -> 1 | BS15: =IF(AA15="","",--(AA15='Codebook'!$F$20)) -> 1 | BT15: =IF(AB15="","",--(AB15='Codebook'!$F$21)) -> 1 | BU15: =IF(AC15="","",--(AC15='Codebook'!$F$22)) -> 1 | BV15: =IF(AD15="","",--(AD15='Codebook'!$F$23)) -> 1 | BW15: =IF(AE15="","",--(AE15='Codebook'!$F$24)) -> 1 | BX15: =IF(AF15="","",--(AF15='Codebook'!$F$25)) -> 1 | BY15: =IF(AG15="","",--(AG15='Codebook'!$F$26)) -> 0 | BZ15: =IF(AH15="","",--(AH15='Codebook'!$F$27)) -> 0 | CA15: =IF(AI15="","",--(AI15='Codebook'!$F$28)) -> 1 | CB15: =IF(AJ15="","",--(AJ15='Codebook'!$F$29)) -> 0 | CC15: =IF(AK15="","",--(AK15='Codebook'!$F$30)) -> 1 | CD15: =IF(AL15="","",--(AL15='Codebook'!$F$31)) -> 1 | CE15: =IF(AM15="","",--(AM15='Codebook'!$F$32)) -> 0 | CF15: =IF(AN15="","",--(AN15='Codebook'!$F$33)) -> 1 | CG15: =IF(AO15="","",--(AO15='Codebook'!$F$34)) -> 0 | CH15: =IF(AP15="","",--(AP15='Codebook'!$F$35)) -> 0 | CI15: =IF(AQ15="","",--(AQ15='Codebook'!$F$36)) -> 0 | CJ15: =IF(AR15="","",--(AR15='Codebook'!$F$37)) -> 1 | CK15: =IF(AS15="","",--(AS15='Codebook'!$F$38)) -> 1 | CL15: =IF(AT15="","",--(AT15='Codebook'!$F$39)) -> 1 | CM15: =IF(AU15="","",--(AU15='Codebook'!$F$40)) -> 0 | CN15: =IF(AV15="","",--(AV15='Codebook'!$F$41)) -> 0 | CO15: =IF(AW15="","",--(AW15='Codebook'!$F$42)) -> 0 | CP15: =IF(AX15="","",--(AX15='Codebook'!$F$43)) -> 0 | CQ15: =IF(AY15="","",--(AY15='Codebook'!$F$44)) -> 0 | CR15: =IF(AZ15="","",--(AZ15='Codebook'!$F$45)) -> 0
B16: 11 | C16: 46259.629 | D16: 24 | E16: Male | F16: 5th year or above | G16: Medicine | H16: Yes | I16: =SUM(BL16:BU16) -> 7 | J16: =IF(COUNT(BV16:CD16)=9,SUM(BV16:CD16),"") -> 5 | K16: =SUM(BL16:CD16) -> 12 | L16: =--(K16>='Codebook'!$C$8) -> 1 | M16: =--(COUNT(BL16:CD16)=19) -> 1 | N16: =SUM(CE16:CL16) -> 2 | O16: =SUM(CM16:CR16) -> 1 | P16: =N16+O16 -> 3 | Q16: Yes | R16: Social media | S16: =--OR(Overview!$B$6="All",E16=Overview!$B$6)*--OR(Overview!$F$6="All",F16=Overview!$F$6)*--OR(Overview!$J$6="All",G16=Overview!$J$6)*--OR(Overview!$N$6="All",H16=Overview!$N$6) -> 1 | T16: True | U16: Not sure | V16: False | W16: True | X16: True | Y16: False | Z16: True | AA16: Not sure | AB16: Not sure | AC16: True | AD16: True | AE16: Not sure | AF16: False | AG16: Not sure | AH16: True | AI16: Not sure | AJ16: Not sure | AK16: True | AL16: False | AM16: Not sure | AN16: Covered | AO16: Not sure | AP16: Not sure | AQ16: Not sure | AR16: Not covered | AS16: Not sure | AT16: Covered | AU16: Covered | AV16: Not covered | AW16: Not sure | AX16: Not sure | AY16: Not sure | AZ16: Not sure | BA16: Social media (e.g. Facebook, WhatsApp, YouTube, X/Twitter), Family members, Friends or fellow students, School coursework or lectures | BB16: Social media | BC16: =--ISNUMBER(SEARCH("Radio or television",BA16)) -> 0 | BD16: =--ISNUMBER(SEARCH("Newspapers or print media",BA16)) -> 0 | BE16: =--ISNUMBER(SEARCH("Social media (e.g. Facebook, WhatsApp, YouTube, X/Twitter)",BA16)) -> 1 | BF16: =--ISNUMBER(SEARCH("Family members",BA16)) -> 1 | BG16: =--ISNUMBER(SEARCH("Friends or fellow students",BA16)) -> 1 | BH16: =--ISNUMBER(SEARCH("School coursework or lectures",BA16)) -> 1 | BI16: =--ISNUMBER(SEARCH("NHIMA outreach activities or NHIMA offices",BA16)) -> 0 | BJ16: =--ISNUMBER(SEARCH("Health facility staff",BA16)) -> 0 | BK16: =--ISNUMBER(SEARCH("not received information",BA16)) -> 0 | BL16: =IF(T16="","",--(T16='Codebook'!$F$13)) -> 1 | BM16: =IF(U16="","",--(U16='Codebook'!$F$14)) -> 0 | BN16: =IF(V16="","",--(V16='Codebook'!$F$15)) -> 1 | BO16: =IF(W16="","",--(W16='Codebook'!$F$16)) -> 1 | BP16: =IF(X16="","",--(X16='Codebook'!$F$17)) -> 1 | BQ16: =IF(Y16="","",--(Y16='Codebook'!$F$18)) -> 1 | BR16: =IF(Z16="","",--(Z16='Codebook'!$F$19)) -> 1 | BS16: =IF(AA16="","",--(AA16='Codebook'!$F$20)) -> 0 | BT16: =IF(AB16="","",--(AB16='Codebook'!$F$21)) -> 0 | BU16: =IF(AC16="","",--(AC16='Codebook'!$F$22)) -> 1 | BV16: =IF(AD16="","",--(AD16='Codebook'!$F$23)) -> 1 | BW16: =IF(AE16="","",--(AE16='Codebook'!$F$24)) -> 0 | BX16: =IF(AF16="","",--(AF16='Codebook'!$F$25)) -> 1 | BY16: =IF(AG16="","",--(AG16='Codebook'!$F$26)) -> 0 | BZ16: =IF(AH16="","",--(AH16='Codebook'!$F$27)) -> 1 | CA16: =IF(AI16="","",--(AI16='Codebook'!$F$28)) -> 0 | CB16: =IF(AJ16="","",--(AJ16='Codebook'!$F$29)) -> 0 | CC16: =IF(AK16="","",--(AK16='Codebook'!$F$30)) -> 1 | CD16: =IF(AL16="","",--(AL16='Codebook'!$F$31)) -> 1 | CE16: =IF(AM16="","",--(AM16='Codebook'!$F$32)) -> 0 | CF16: =IF(AN16="","",--(AN16='Codebook'!$F$33)) -> 1 | CG16: =IF(AO16="","",--(AO16='Codebook'!$F$34)) -> 0 | CH16: =IF(AP16="","",--(AP16='Codebook'!$F$35)) -> 0 | CI16: =IF(AQ16="","",--(AQ16='Codebook'!$F$36)) -> 0 | CJ16: =IF(AR16="","",--(AR16='Codebook'!$F$37)) -> 0 | CK16: =IF(AS16="","",--(AS16='Codebook'!$F$38)) -> 0 | CL16: =IF(AT16="","",--(AT16='Codebook'!$F$39)) -> 1 | CM16: =IF(AU16="","",--(AU16='Codebook'!$F$40)) -> 0 | CN16: =IF(AV16="","",--(AV16='Codebook'!$F$41)) -> 1 | CO16: =IF(AW16="","",--(AW16='Codebook'!$F$42)) -> 0 | CP16: =IF(AX16="","",--(AX16='Codebook'!$F$43)) -> 0 | CQ16: =IF(AY16="","",--(AY16='Codebook'!$F$44)) -> 0 | CR16: =IF(AZ16="","",--(AZ16='Codebook'!$F$45)) -> 0
B17: 12 | C17: 46259.68 | D17: 24 | E17: Female | F17: 4th year | G17: Public Health | H17: Yes | I17: =SUM(BL17:BU17) -> 8 | J17: =IF(COUNT(BV17:CD17)=9,SUM(BV17:CD17),"") -> 4 | K17: =SUM(BL17:CD17) -> 12 | L17: =--(K17>='Codebook'!$C$8) -> 1 | M17: =--(COUNT(BL17:CD17)=19) -> 1 | N17: =SUM(CE17:CL17) -> 6 | O17: =SUM(CM17:CR17) -> 2 | P17: =N17+O17 -> 8 | Q17: Not sure | R17: Social media | S17: =--OR(Overview!$B$6="All",E17=Overview!$B$6)*--OR(Overview!$F$6="All",F17=Overview!$F$6)*--OR(Overview!$J$6="All",G17=Overview!$J$6)*--OR(Overview!$N$6="All",H17=Overview!$N$6) -> 1 | T17: True | U17: True | V17: True | W17: True | X17: True | Y17: False | Z17: True | AA17: True | AB17: False | AC17: True | AD17: Not sure | AE17: Not sure | AF17: False | AG17: Not sure | AH17: Not sure | AI17: Not sure | AJ17: False | AK17: True | AL17: False | AM17: Not covered | AN17: Covered | AO17: Covered | AP17: Covered | AQ17: Covered | AR17: Covered | AS17: Covered | AT17: Not sure | AU17: Covered | AV17: Covered | AW17: Covered | AX17: Not covered | AY17: Not covered | AZ17: Not sure | BA17: Social media (e.g. Facebook, WhatsApp, YouTube, X/Twitter), Family members, Friends or fellow students, School coursework or lectures | BB17: Social media | BC17: =--ISNUMBER(SEARCH("Radio or television",BA17)) -> 0 | BD17: =--ISNUMBER(SEARCH("Newspapers or print media",BA17)) -> 0 | BE17: =--ISNUMBER(SEARCH("Social media (e.g. Facebook, WhatsApp, YouTube, X/Twitter)",BA17)) -> 1 | BF17: =--ISNUMBER(SEARCH("Family members",BA17)) -> 1 | BG17: =--ISNUMBER(SEARCH("Friends or fellow students",BA17)) -> 1 | BH17: =--ISNUMBER(SEARCH("School coursework or lectures",BA17)) -> 1 | BI17: =--ISNUMBER(SEARCH("NHIMA outreach activities or NHIMA offices",BA17)) -> 0 | BJ17: =--ISNUMBER(SEARCH("Health facility staff",BA17)) -> 0 | BK17: =--ISNUMBER(SEARCH("not received information",BA17)) -> 0 | BL17: =IF(T17="","",--(T17='Codebook'!$F$13)) -> 1 | BM17: =IF(U17="","",--(U17='Codebook'!$F$14)) -> 0 | BN17: =IF(V17="","",--(V17='Codebook'!$F$15)) -> 0 | BO17: =IF(W17="","",--(W17='Codebook'!$F$16)) -> 1 | BP17: =IF(X17="","",--(X17='Codebook'!$F$17)) -> 1 | BQ17: =IF(Y17="","",--(Y17='Codebook'!$F$18)) -> 1 | BR17: =IF(Z17="","",--(Z17='Codebook'!$F$19)) -> 1 | BS17: =IF(AA17="","",--(AA17='Codebook'!$F$20)) -> 1 | BT17: =IF(AB17="","",--(AB17='Codebook'!$F$21)) -> 1 | BU17: =IF(AC17="","",--(AC17='Codebook'!$F$22)) -> 1 | BV17: =IF(AD17="","",--(AD17='Codebook'!$F$23)) -> 0 | BW17: =IF(AE17="","",--(AE17='Codebook'!$F$24)) -> 0 | BX17: =IF(AF17="","",--(AF17='Codebook'!$F$25)) -> 1 | BY17: =IF(AG17="","",--(AG17='Codebook'!$F$26)) -> 0 | BZ17: =IF(AH17="","",--(AH17='Codebook'!$F$27)) -> 0 | CA17: =IF(AI17="","",--(AI17='Codebook'!$F$28)) -> 0 | CB17: =IF(AJ17="","",--(AJ17='Codebook'!$F$29)) -> 1 | CC17: =IF(AK17="","",--(AK17='Codebook'!$F$30)) -> 1 | CD17: =IF(AL17="","",--(AL17='Codebook'!$F$31)) -> 1 | CE17: =IF(AM17="","",--(AM17='Codebook'!$F$32)) -> 0 | CF17: =IF(AN17="","",--(AN17='Codebook'!$F$33)) -> 1 | CG17: =IF(AO17="","",--(AO17='Codebook'!$F$34)) -> 1 | CH17: =IF(AP17="","",--(AP17='Codebook'!$F$35)) -> 1 | CI17: =IF(AQ17="","",--(AQ17='Codebook'!$F$36)) -> 1 | CJ17: =IF(AR17="","",--(AR17='Codebook'!$F$37)) -> 1 | CK17: =IF(AS17="","",--(AS17='Codebook'!$F$38)) -> 1 | CL17: =IF(AT17="","",--(AT17='Codebook'!$F$39)) -> 0 | CM17: =IF(AU17="","",--(AU17='Codebook'!$F$40)) -> 0 | CN17: =IF(AV17="","",--(AV17='Codebook'!$F$41)) -> 0 | CO17: =IF(AW17="","",--(AW17='Codebook'!$F$42)) -> 0 | CP17: =IF(AX17="","",--(AX17='Codebook'!$F$43)) -> 1 | CQ17: =IF(AY17="","",--(AY17='Codebook'!$F$44)) -> 1 | CR17: =IF(AZ17="","",--(AZ17='Codebook'!$F$45)) -> 0
B18: 13 | C18: 46259.687 | D18: 23 | E18: Male | F18: 5th year or above | G18: Pharmacy | H18: No | I18: =SUM(BL18:BU18) -> 10 | J18: =IF(COUNT(BV18:CD18)=9,SUM(BV18:CD18),"") -> 6 | K18: =SUM(BL18:CD18) -> 16 | L18: =--(K18>='Codebook'!$C$8) -> 1 | M18: =--(COUNT(BL18:CD18)=19) -> 1 | N18: =SUM(CE18:CL18) -> 5 | O18: =SUM(CM18:CR18) -> 5 | P18: =N18+O18 -> 10 | Q18: Yes | R18: Social media | S18: =--OR(Overview!$B$6="All",E18=Overview!$B$6)*--OR(Overview!$F$6="All",F18=Overview!$F$6)*--OR(Overview!$J$6="All",G18=Overview!$J$6)*--OR(Overview!$N$6="All",H18=Overview!$N$6) -> 1 | T18: True | U18: False | V18: False | W18: True | X18: True | Y18: False | Z18: True | AA18: True | AB18: False | AC18: True | AD18: True | AE18: True | AF18: False | AG18: True | AH18: True | AI18: True | AJ18: True | AK18: Not sure | AL18: False | AM18: Not sure | AN18: Not covered | AO18: Not sure | AP18: Covered | AQ18: Covered | AR18: Covered | AS18: Covered | AT18: Covered | AU18: Not covered | AV18: Not covered | AW18: Covered | AX18: Not covered | AY18: Not covered | AZ18: Not covered | BA18: Radio or television, Newspapers or print media, Social media (e.g. Facebook, WhatsApp, YouTube, X/Twitter), Family members, Friends or fellow students, School coursework or lectures, NHIMA outreach activities or NHIMA offices, Health facility staff | BB18: Social media | BC18: =--ISNUMBER(SEARCH("Radio or television",BA18)) -> 1 | BD18: =--ISNUMBER(SEARCH("Newspapers or print media",BA18)) -> 1 | BE18: =--ISNUMBER(SEARCH("Social media (e.g. Facebook, WhatsApp, YouTube, X/Twitter)",BA18)) -> 1 | BF18: =--ISNUMBER(SEARCH("Family members",BA18)) -> 1 | BG18: =--ISNUMBER(SEARCH("Friends or fellow students",BA18)) -> 1 | BH18: =--ISNUMBER(SEARCH("School coursework or lectures",BA18)) -> 1 | BI18: =--ISNUMBER(SEARCH("NHIMA outreach activities or NHIMA offices",BA18)) -> 1 | BJ18: =--ISNUMBER(SEARCH("Health facility staff",BA18)) -> 1 | BK18: =--ISNUMBER(SEARCH("not received information",BA18)) -> 0 | BL18: =IF(T18="","",--(T18='Codebook'!$F$13)) -> 1 | BM18: =IF(U18="","",--(U18='Codebook'!$F$14)) -> 1 | BN18: =IF(V18="","",--(V18='Codebook'!$F$15)) -> 1 | BO18: =IF(W18="","",--(W18='Codebook'!$F$16)) -> 1 | BP18: =IF(X18="","",--(X18='Codebook'!$F$17)) -> 1 | BQ18: =IF(Y18="","",--(Y18='Codebook'!$F$18)) -> 1 | BR18: =IF(Z18="","",--(Z18='Codebook'!$F$19)) -> 1 | BS18: =IF(AA18="","",--(AA18='Codebook'!$F$20)) -> 1 | BT18: =IF(AB18="","",--(AB18='Codebook'!$F$21)) -> 1 | BU18: =IF(AC18="","",--(AC18='Codebook'!$F$22)) -> 1 | BV18: =IF(AD18="","",--(AD18='Codebook'!$F$23)) -> 1 | BW18: =IF(AE18="","",--(AE18='Codebook'!$F$24)) -> 1 | BX18: =IF(AF18="","",--(AF18='Codebook'!$F$25)) -> 1 | BY18: =IF(AG18="","",--(AG18='Codebook'!$F$26)) -> 1 | BZ18: =IF(AH18="","",--(AH18='Codebook'!$F$27)) -> 1 | CA18: =IF(AI18="","",--(AI18='Codebook'!$F$28)) -> 0 | CB18: =IF(AJ18="","",--(AJ18='Codebook'!$F$29)) -> 0 | CC18: =IF(AK18="","",--(AK18='Codebook'!$F$30)) -> 0 | CD18: =IF(AL18="","",--(AL18='Codebook'!$F$31)) -> 1 | CE18: =IF(AM18="","",--(AM18='Codebook'!$F$32)) -> 0 | CF18: =IF(AN18="","",--(AN18='Codebook'!$F$33)) -> 0 | CG18: =IF(AO18="","",--(AO18='Codebook'!$F$34)) -> 0 | CH18: =IF(AP18="","",--(AP18='Codebook'!$F$35)) -> 1 | CI18: =IF(AQ18="","",--(AQ18='Codebook'!$F$36)) -> 1 | CJ18: =IF(AR18="","",--(AR18='Codebook'!$F$37)) -> 1 | CK18: =IF(AS18="","",--(AS18='Codebook'!$F$38)) -> 1 | CL18: =IF(AT18="","",--(AT18='Codebook'!$F$39)) -> 1 | CM18: =IF(AU18="","",--(AU18='Codebook'!$F$40)) -> 1 | CN18: =IF(AV18="","",--(AV18='Codebook'!$F$41)) -> 1 | CO18: =IF(AW18="","",--(AW18='Codebook'!$F$42)) -> 0 | CP18: =IF(AX18="","",--(AX18='Codebook'!$F$43)) -> 1 | CQ18: =IF(AY18="","",--(AY18='Codebook'!$F$44)) -> 1 | CR18: =IF(AZ18="","",--(AZ18='Codebook'!$F$45)) -> 1
B19: 14 | C19: 46259.69 | D19: 22 | E19: Male | F19: 3rd year | G19: Medicine | H19: Yes | I19: =SUM(BL19:BU19) -> 9 | J19: =IF(COUNT(BV19:CD19)=9,SUM(BV19:CD19),"") -> 7 | K19: =SUM(BL19:CD19) -> 16 | L19: =--(K19>='Codebook'!$C$8) -> 1 | M19: =--(COUNT(BL19:CD19)=19) -> 1 | N19: =SUM(CE19:CL19) -> 3 | O19: =SUM(CM19:CR19) -> 5 | P19: =N19+O19 -> 8 | Q19: Yes | R19: Missing | S19: =--OR(Overview!$B$6="All",E19=Overview!$B$6)*--OR(Overview!$F$6="All",F19=Overview!$F$6)*--OR(Overview!$J$6="All",G19=Overview!$J$6)*--OR(Overview!$N$6="All",H19=Overview!$N$6) -> 1 | T19: True | U19: False | V19: False | W19: True | X19: True | Y19: False | Z19: True | AA19: True | AB19: True | AC19: True | AD19: True | AE19: Not sure | AF19: False | AG19: True | AH19: True | AI19: False | AJ19: True | AK19: True | AL19: False | AM19: Not covered | AN19: Not covered | AO19: Not covered | AP19: Covered | AQ19: Not covered | AR19: Covered | AS19: Not covered | AT19: Covered | AU19: Not covered | AV19: Not covered | AW19: Covered | AX19: Not covered | AY19: Not covered | AZ19: Not covered | BA19: Radio or television, Newspapers or print media, Social media (e.g. Facebook, WhatsApp, YouTube, X/Twitter), Family members, Friends or fellow students, School coursework or lectures, NHIMA outreach activities or NHIMA offices, Health facility staff | BC19: =--ISNUMBER(SEARCH("Radio or television",BA19)) -> 1 | BD19: =--ISNUMBER(SEARCH("Newspapers or print media",BA19)) -> 1 | BE19: =--ISNUMBER(SEARCH("Social media (e.g. Facebook, WhatsApp, YouTube, X/Twitter)",BA19)) -> 1 | BF19: =--ISNUMBER(SEARCH("Family members",BA19)) -> 1 | BG19: =--ISNUMBER(SEARCH("Friends or fellow students",BA19)) -> 1 | BH19: =--ISNUMBER(SEARCH("School coursework or lectures",BA19)) -> 1 | BI19: =--ISNUMBER(SEARCH("NHIMA outreach activities or NHIMA offices",BA19)) -> 1 | BJ19: =--ISNUMBER(SEARCH("Health facility staff",BA19)) -> 1 | BK19: =--ISNUMBER(SEARCH("not received information",BA19)) -> 0 | BL19: =IF(T19="","",--(T19='Codebook'!$F$13)) -> 1 | BM19: =IF(U19="","",--(U19='Codebook'!$F$14)) -> 1 | BN19: =IF(V19="","",--(V19='Codebook'!$F$15)) -> 1 | BO19: =IF(W19="","",--(W19='Codebook'!$F$16)) -> 1 | BP19: =IF(X19="","",--(X19='Codebook'!$F$17)) -> 1 | BQ19: =IF(Y19="","",--(Y19='Codebook'!$F$18)) -> 1 | BR19: =IF(Z19="","",--(Z19='Codebook'!$F$19)) -> 1 | BS19: =IF(AA19="","",--(AA19='Codebook'!$F$20)) -> 1 | BT19: =IF(AB19="","",--(AB19='Codebook'!$F$21)) -> 0 | BU19: =IF(AC19="","",--(AC19='Codebook'!$F$22)) -> 1 | BV19: =IF(AD19="","",--(AD19='Codebook'!$F$23)) -> 1 | BW19: =IF(AE19="","",--(AE19='Codebook'!$F$24)) -> 0 | BX19: =IF(AF19="","",--(AF19='Codebook'!$F$25)) -> 1 | BY19: =IF(AG19="","",--(AG19='Codebook'!$F$26)) -> 1 | BZ19: =IF(AH19="","",--(AH19='Codebook'!$F$27)) -> 1 | CA19: =IF(AI19="","",--(AI19='Codebook'!$F$28)) -> 1 | CB19: =IF(AJ19="","",--(AJ19='Codebook'!$F$29)) -> 0 | CC19: =IF(AK19="","",--(AK19='Codebook'!$F$30)) -> 1 | CD19: =IF(AL19="","",--(AL19='Codebook'!$F$31)) -> 1 | CE19: =IF(AM19="","",--(AM19='Codebook'!$F$32)) -> 0 | CF19: =IF(AN19="","",--(AN19='Codebook'!$F$33)) -> 0 | CG19: =IF(AO19="","",--(AO19='Codebook'!$F$34)) -> 0 | CH19: =IF(AP19="","",--(AP19='Codebook'!$F$35)) -> 1 | CI19: =IF(AQ19="","",--(AQ19='Codebook'!$F$36)) -> 0 | CJ19: =IF(AR19="","",--(AR19='Codebook'!$F$37)) -> 1 | CK19: =IF(AS19="","",--(AS19='Codebook'!$F$38)) -> 0 | CL19: =IF(AT19="","",--(AT19='Codebook'!$F$39)) -> 1 | CM19: =IF(AU19="","",--(AU19='Codebook'!$F$40)) -> 1 | CN19: =IF(AV19="","",--(AV19='Codebook'!$F$41)) -> 1 | CO19: =IF(AW19="","",--(AW19='Codebook'!$F$42)) -> 0 | CP19: =IF(AX19="","",--(AX19='Codebook'!$F$43)) -> 1 | CQ19: =IF(AY19="","",--(AY19='Codebook'!$F$44)) -> 1 | CR19: =IF(AZ19="","",--(AZ19='Codebook'!$F$45)) -> 1
B20: 15 | C20: 46259.737 | D20: 25 | E20: Male | F20: 4th year | G20: Public Health | H20: Yes | I20: =SUM(BL20:BU20) -> 7 | J20: =IF(COUNT(BV20:CD20)=9,SUM(BV20:CD20),"") -> 6 | K20: =SUM(BL20:CD20) -> 13 | L20: =--(K20>='Codebook'!$C$8) -> 1 | M20: =--(COUNT(BL20:CD20)=19) -> 1 | N20: =SUM(CE20:CL20) -> 2 | O20: =SUM(CM20:CR20) -> 5 | P20: =N20+O20 -> 7 | Q20: Yes | R20: Other / unclear | S20: =--OR(Overview!$B$6="All",E20=Overview!$B$6)*--OR(Overview!$F$6="All",F20=Overview!$F$6)*--OR(Overview!$J$6="All",G20=Overview!$J$6)*--OR(Overview!$N$6="All",H20=Overview!$N$6) -> 1 | T20: True | U20: True | V20: True | W20: True | X20: True | Y20: True | Z20: True | AA20: True | AB20: False | AC20: True | AD20: Not sure | AE20: True | AF20: False | AG20: True | AH20: True | AI20: Not sure | AJ20: Not sure | AK20: True | AL20: False | AM20: Not covered | AN20: Covered | AO20: Not covered | AP20: Covered | AQ20: Not sure | AR20: Not sure | AS20: Not covered | AT20: Not sure | AU20: Not covered | AV20: Not covered | AW20: Not covered | AX20: Not covered | AY20: Not covered | AZ20: Not sure | BA20: School coursework or lectures | BB20: Reproductive health | BC20: =--ISNUMBER(SEARCH("Radio or television",BA20)) -> 0 | BD20: =--ISNUMBER(SEARCH("Newspapers or print media",BA20)) -> 0 | BE20: =--ISNUMBER(SEARCH("Social media (e.g. Facebook, WhatsApp, YouTube, X/Twitter)",BA20)) -> 0 | BF20: =--ISNUMBER(SEARCH("Family members",BA20)) -> 0 | BG20: =--ISNUMBER(SEARCH("Friends or fellow students",BA20)) -> 0 | BH20: =--ISNUMBER(SEARCH("School coursework or lectures",BA20)) -> 1 | BI20: =--ISNUMBER(SEARCH("NHIMA outreach activities or NHIMA offices",BA20)) -> 0 | BJ20: =--ISNUMBER(SEARCH("Health facility staff",BA20)) -> 0 | BK20: =--ISNUMBER(SEARCH("not received information",BA20)) -> 0 | BL20: =IF(T20="","",--(T20='Codebook'!$F$13)) -> 1 | BM20: =IF(U20="","",--(U20='Codebook'!$F$14)) -> 0 | BN20: =IF(V20="","",--(V20='Codebook'!$F$15)) -> 0 | BO20: =IF(W20="","",--(W20='Codebook'!$F$16)) -> 1 | BP20: =IF(X20="","",--(X20='Codebook'!$F$17)) -> 1 | BQ20: =IF(Y20="","",--(Y20='Codebook'!$F$18)) -> 0 | BR20: =IF(Z20="","",--(Z20='Codebook'!$F$19)) -> 1 | BS20: =IF(AA20="","",--(AA20='Codebook'!$F$20)) -> 1 | BT20: =IF(AB20="","",--(AB20='Codebook'!$F$21)) -> 1 | BU20: =IF(AC20="","",--(AC20='Codebook'!$F$22)) -> 1 | BV20: =IF(AD20="","",--(AD20='Codebook'!$F$23)) -> 0 | BW20: =IF(AE20="","",--(AE20='Codebook'!$F$24)) -> 1 | BX20: =IF(AF20="","",--(AF20='Codebook'!$F$25)) -> 1 | BY20: =IF(AG20="","",--(AG20='Codebook'!$F$26)) -> 1 | BZ20: =IF(AH20="","",--(AH20='Codebook'!$F$27)) -> 1 | CA20: =IF(AI20="","",--(AI20='Codebook'!$F$28)) -> 0 | CB20: =IF(AJ20="","",--(AJ20='Codebook'!$F$29)) -> 0 | CC20: =IF(AK20="","",--(AK20='Codebook'!$F$30)) -> 1 | CD20: =IF(AL20="","",--(AL20='Codebook'!$F$31)) -> 1 | CE20: =IF(AM20="","",--(AM20='Codebook'!$F$32)) -> 0 | CF20: =IF(AN20="","",--(AN20='Codebook'!$F$33)) -> 1 | CG20: =IF(AO20="","",--(AO20='Codebook'!$F$34)) -> 0 | CH20: =IF(AP20="","",--(AP20='Codebook'!$F$35)) -> 1 | CI20: =IF(AQ20="","",--(AQ20='Codebook'!$F$36)) -> 0 | CJ20: =IF(AR20="","",--(AR20='Codebook'!$F$37)) -> 0 | CK20: =IF(AS20="","",--(AS20='Codebook'!$F$38)) -> 0 | CL20: =IF(AT20="","",--(AT20='Codebook'!$F$39)) -> 0 | CM20: =IF(AU20="","",--(AU20='Codebook'!$F$40)) -> 1 | CN20: =IF(AV20="","",--(AV20='Codebook'!$F$41)) -> 1 | CO20: =IF(AW20="","",--(AW20='Codebook'!$F$42)) -> 1 | CP20: =IF(AX20="","",--(AX20='Codebook'!$F$43)) -> 1 | CQ20: =IF(AY20="","",--(AY20='Codebook'!$F$44)) -> 1 | CR20: =IF(AZ20="","",--(AZ20='Codebook'!$F$45)) -> 0
B21: 16 | C21: 46259.739 | D21: 23 | E21: Female | F21: 3rd year | G21: Nursing Sciences | H21: Yes | I21: =SUM(BL21:BU21) -> 6 | J21: =IF(COUNT(BV21:CD21)=9,SUM(BV21:CD21),"") -> 2 | K21: =SUM(BL21:CD21) -> 8 | L21: =--(K21>='Codebook'!$C$8) -> 0 | M21: =--(COUNT(BL21:CD21)=19) -> 1 | N21: =SUM(CE21:CL21) -> 0 | O21: =SUM(CM21:CR21) -> 0 | P21: =N21+O21 -> 0 | Q21: Yes | R21: Friends / students | S21: =--OR(Overview!$B$6="All",E21=Overview!$B$6)*--OR(Overview!$F$6="All",F21=Overview!$F$6)*--OR(Overview!$J$6="All",G21=Overview!$J$6)*--OR(Overview!$N$6="All",H21=Overview!$N$6) -> 1 | T21: True | U21: True | V21: False | W21: True | X21: True | Y21: True | Z21: True | AA21: True | AB21: Not sure | AC21: False | AD21: Not sure | AE21: Not sure | AF21: False | AG21: Not sure | AH21: True | AI21: True | AJ21: Not sure | AK21: Not sure | AL21: Not sure | AM21: Not sure | AN21: Not sure | AO21: Not sure | AP21: Not sure | AQ21: Not sure | AR21: Not sure | AS21: Not sure | AT21: Not sure | AU21: Not sure | AV21: Not sure | AW21: Not sure | AX21: Not sure | AY21: Not sure | AZ21: Not sure | BA21: Social media (e.g. Facebook, WhatsApp, YouTube, X/Twitter), Family members, Friends or fellow students, School coursework or lectures, NHIMA outreach activities or NHIMA offices, Health facility staff, I have not received information about health insurance from any source | BB21: Friends | BC21: =--ISNUMBER(SEARCH("Radio or television",BA21)) -> 0 | BD21: =--ISNUMBER(SEARCH("Newspapers or print media",BA21)) -> 0 | BE21: =--ISNUMBER(SEARCH("Social media (e.g. Facebook, WhatsApp, YouTube, X/Twitter)",BA21)) -> 1 | BF21: =--ISNUMBER(SEARCH("Family members",BA21)) -> 1 | BG21: =--ISNUMBER(SEARCH("Friends or fellow students",BA21)) -> 1 | BH21: =--ISNUMBER(SEARCH("School coursework or lectures",BA21)) -> 1 | BI21: =--ISNUMBER(SEARCH("NHIMA outreach activities or NHIMA offices",BA21)) -> 1 | BJ21: =--ISNUMBER(SEARCH("Health facility staff",BA21)) -> 1 | BK21: =--ISNUMBER(SEARCH("not received information",BA21)) -> 1 | BL21: =IF(T21="","",--(T21='Codebook'!$F$13)) -> 1 | BM21: =IF(U21="","",--(U21='Codebook'!$F$14)) -> 0 | BN21: =IF(V21="","",--(V21='Codebook'!$F$15)) -> 1 | BO21: =IF(W21="","",--(W21='Codebook'!$F$16)) -> 1 | BP21: =IF(X21="","",--(X21='Codebook'!$F$17)) -> 1 | BQ21: =IF(Y21="","",--(Y21='Codebook'!$F$18)) -> 0 | BR21: =IF(Z21="","",--(Z21='Codebook'!$F$19)) -> 1 | BS21: =IF(AA21="","",--(AA21='Codebook'!$F$20)) -> 1 | BT21: =IF(AB21="","",--(AB21='Codebook'!$F$21)) -> 0 | BU21: =IF(AC21="","",--(AC21='Codebook'!$F$22)) -> 0 | BV21: =IF(AD21="","",--(AD21='Codebook'!$F$23)) -> 0 | BW21: =IF(AE21="","",--(AE21='Codebook'!$F$24)) -> 0 | BX21: =IF(AF21="","",--(AF21='Codebook'!$F$25)) -> 1 | BY21: =IF(AG21="","",--(AG21='Codebook'!$F$26)) -> 0 | BZ21: =IF(AH21="","",--(AH21='Codebook'!$F$27)) -> 1 | CA21: =IF(AI21="","",--(AI21='Codebook'!$F$28)) -> 0 | CB21: =IF(AJ21="","",--(AJ21='Codebook'!$F$29)) -> 0 | CC21: =IF(AK21="","",--(AK21='Codebook'!$F$30)) -> 0 | CD21: =IF(AL21="","",--(AL21='Codebook'!$F$31)) -> 0 | CE21: =IF(AM21="","",--(AM21='Codebook'!$F$32)) -> 0 | CF21: =IF(AN21="","",--(AN21='Codebook'!$F$33)) -> 0 | CG21: =IF(AO21="","",--(AO21='Codebook'!$F$34)) -> 0 | CH21: =IF(AP21="","",--(AP21='Codebook'!$F$35)) -> 0 | CI21: =IF(AQ21="","",--(AQ21='Codebook'!$F$36)) -> 0 | CJ21: =IF(AR21="","",--(AR21='Codebook'!$F$37)) -> 0 | CK21: =IF(AS21="","",--(AS21='Codebook'!$F$38)) -> 0 | CL21: =IF(AT21="","",--(AT21='Codebook'!$F$39)) -> 0 | CM21: =IF(AU21="","",--(AU21='Codebook'!$F$40)) -> 0 | CN21: =IF(AV21="","",--(AV21='Codebook'!$F$41)) -> 0 | CO21: =IF(AW21="","",--(AW21='Codebook'!$F$42)) -> 0 | CP21: =IF(AX21="","",--(AX21='Codebook'!$F$43)) -> 0 | CQ21: =IF(AY21="","",--(AY21='Codebook'!$F$44)) -> 0 | CR21: =IF(AZ21="","",--(AZ21='Codebook'!$F$45)) -> 0
B22: 17 | C22: 46259.768 | D22: 22 | E22: Female | F22: 3rd year | G22: Medicine | H22: No | I22: =SUM(BL22:BU22) -> 8 | J22: =IF(COUNT(BV22:CD22)=9,SUM(BV22:CD22),"") -> 4 | K22: =SUM(BL22:CD22) -> 12 | L22: =--(K22>='Codebook'!$C$8) -> 1 | M22: =--(COUNT(BL22:CD22)=19) -> 1 | N22: =SUM(CE22:CL22) -> 3 | O22: =SUM(CM22:CR22) -> 0 | P22: =N22+O22 -> 3 | Q22: Yes | R22: Missing | S22: =--OR(Overview!$B$6="All",E22=Overview!$B$6)*--OR(Overview!$F$6="All",F22=Overview!$F$6)*--OR(Overview!$J$6="All",G22=Overview!$J$6)*--OR(Overview!$N$6="All",H22=Overview!$N$6) -> 1 | T22: True | U22: Not sure | V22: False | W22: True | X22: True | Y22: False | Z22: True | AA22: True | AB22: Not sure | AC22: True | AD22: True | AE22: Not sure | AF22: False | AG22: Not sure | AH22: True | AI22: True | AJ22: Not sure | AK22: Not sure | AL22: False | AM22: Not sure | AN22: Not sure | AO22: Not sure | AP22: Covered | AQ22: Not sure | AR22: Covered | AS22: Covered | AT22: Not sure | AU22: Not sure | AV22: Not sure | AW22: Not sure | AX22: Not sure | AY22: Not sure | AZ22: Not sure | BA22: Social media (e.g. Facebook, WhatsApp, YouTube, X/Twitter), Family members | BC22: =--ISNUMBER(SEARCH("Radio or television",BA22)) -> 0 | BD22: =--ISNUMBER(SEARCH("Newspapers or print media",BA22)) -> 0 | BE22: =--ISNUMBER(SEARCH("Social media (e.g. Facebook, WhatsApp, YouTube, X/Twitter)",BA22)) -> 1 | BF22: =--ISNUMBER(SEARCH("Family members",BA22)) -> 1 | BG22: =--ISNUMBER(SEARCH("Friends or fellow students",BA22)) -> 0 | BH22: =--ISNUMBER(SEARCH("School coursework or lectures",BA22)) -> 0 | BI22: =--ISNUMBER(SEARCH("NHIMA outreach activities or NHIMA offices",BA22)) -> 0 | BJ22: =--ISNUMBER(SEARCH("Health facility staff",BA22)) -> 0 | BK22: =--ISNUMBER(SEARCH("not received information",BA22)) -> 0 | BL22: =IF(T22="","",--(T22='Codebook'!$F$13)) -> 1 | BM22: =IF(U22="","",--(U22='Codebook'!$F$14)) -> 0 | BN22: =IF(V22="","",--(V22='Codebook'!$F$15)) -> 1 | BO22: =IF(W22="","",--(W22='Codebook'!$F$16)) -> 1 | BP22: =IF(X22="","",--(X22='Codebook'!$F$17)) -> 1 | BQ22: =IF(Y22="","",--(Y22='Codebook'!$F$18)) -> 1 | BR22: =IF(Z22="","",--(Z22='Codebook'!$F$19)) -> 1 | BS22: =IF(AA22="","",--(AA22='Codebook'!$F$20)) -> 1 | BT22: =IF(AB22="","",--(AB22='Codebook'!$F$21)) -> 0 | BU22: =IF(AC22="","",--(AC22='Codebook'!$F$22)) -> 1 | BV22: =IF(AD22="","",--(AD22='Codebook'!$F$23)) -> 1 | BW22: =IF(AE22="","",--(AE22='Codebook'!$F$24)) -> 0 | BX22: =IF(AF22="","",--(AF22='Codebook'!$F$25)) -> 1 | BY22: =IF(AG22="","",--(AG22='Codebook'!$F$26)) -> 0 | BZ22: =IF(AH22="","",--(AH22='Codebook'!$F$27)) -> 1 | CA22: =IF(AI22="","",--(AI22='Codebook'!$F$28)) -> 0 | CB22: =IF(AJ22="","",--(AJ22='Codebook'!$F$29)) -> 0 | CC22: =IF(AK22="","",--(AK22='Codebook'!$F$30)) -> 0 | CD22: =IF(AL22="","",--(AL22='Codebook'!$F$31)) -> 1 | CE22: =IF(AM22="","",--(AM22='Codebook'!$F$32)) -> 0 | CF22: =IF(AN22="","",--(AN22='Codebook'!$F$33)) -> 0 | CG22: =IF(AO22="","",--(AO22='Codebook'!$F$34)) -> 0 | CH22: =IF(AP22="","",--(AP22='Codebook'!$F$35)) -> 1 | CI22: =IF(AQ22="","",--(AQ22='Codebook'!$F$36)) -> 0 | CJ22: =IF(AR22="","",--(AR22='Codebook'!$F$37)) -> 1 | CK22: =IF(AS22="","",--(AS22='Codebook'!$F$38)) -> 1 | CL22: =IF(AT22="","",--(AT22='Codebook'!$F$39)) -> 0 | CM22: =IF(AU22="","",--(AU22='Codebook'!$F$40)) -> 0 | CN22: =IF(AV22="","",--(AV22='Codebook'!$F$41)) -> 0 | CO22: =IF(AW22="","",--(AW22='Codebook'!$F$42)) -> 0 | CP22: =IF(AX22="","",--(AX22='Codebook'!$F$43)) -> 0 | CQ22: =IF(AY22="","",--(AY22='Codebook'!$F$44)) -> 0 | CR22: =IF(AZ22="","",--(AZ22='Codebook'!$F$45)) -> 0
B23: 18 | C23: 46259.77 | D23: 22 | E23: Male | F23: 3rd year | G23: Nursing Sciences | H23: No | I23: =SUM(BL23:BU23) -> 7 | J23: =IF(COUNT(BV23:CD23)=9,SUM(BV23:CD23),"") -> 3 | K23: =SUM(BL23:CD23) -> 10 | L23: =--(K23>='Codebook'!$C$8) -> 0 | M23: =--(COUNT(BL23:CD23)=19) -> 1 | N23: =SUM(CE23:CL23) -> 7 | O23: =SUM(CM23:CR23) -> 5 | P23: =N23+O23 -> 12 | Q23: No | R23: Missing | S23: =--OR(Overview!$B$6="All",E23=Overview!$B$6)*--OR(Overview!$F$6="All",F23=Overview!$F$6)*--OR(Overview!$J$6="All",G23=Overview!$J$6)*--OR(Overview!$N$6="All",H23=Overview!$N$6) -> 1 | T23: True | U23: True | V23: False | W23: True | X23: True | Y23: False | Z23: True | AA23: True | AB23: Not sure | AC23: Not sure | AD23: Not sure | AE23: Not sure | AF23: True | AG23: Not sure | AH23: Not sure | AI23: True | AJ23: False | AK23: True | AL23: False | AM23: Covered | AN23: Covered | AO23: Covered | AP23: Covered | AQ23: Covered | AR23: Covered | AS23: Covered | AT23: Not sure | AU23: Not sure | AV23: Not covered | AW23: Not covered | AX23: Not covered | AY23: Not covered | AZ23: Not covered | BA23: Social media (e.g. Facebook, WhatsApp, YouTube, X/Twitter), Family members | BC23: =--ISNUMBER(SEARCH("Radio or television",BA23)) -> 0 | BD23: =--ISNUMBER(SEARCH("Newspapers or print media",BA23)) -> 0 | BE23: =--ISNUMBER(SEARCH("Social media (e.g. Facebook, WhatsApp, YouTube, X/Twitter)",BA23)) -> 1 | BF23: =--ISNUMBER(SEARCH("Family members",BA23)) -> 1 | BG23: =--ISNUMBER(SEARCH("Friends or fellow students",BA23)) -> 0 | BH23: =--ISNUMBER(SEARCH("School coursework or lectures",BA23)) -> 0 | BI23: =--ISNUMBER(SEARCH("NHIMA outreach activities or NHIMA offices",BA23)) -> 0 | BJ23: =--ISNUMBER(SEARCH("Health facility staff",BA23)) -> 0 | BK23: =--ISNUMBER(SEARCH("not received information",BA23)) -> 0 | BL23: =IF(T23="","",--(T23='Codebook'!$F$13)) -> 1 | BM23: =IF(U23="","",--(U23='Codebook'!$F$14)) -> 0 | BN23: =IF(V23="","",--(V23='Codebook'!$F$15)) -> 1 | BO23: =IF(W23="","",--(W23='Codebook'!$F$16)) -> 1 | BP23: =IF(X23="","",--(X23='Codebook'!$F$17)) -> 1 | BQ23: =IF(Y23="","",--(Y23='Codebook'!$F$18)) -> 1 | BR23: =IF(Z23="","",--(Z23='Codebook'!$F$19)) -> 1 | BS23: =IF(AA23="","",--(AA23='Codebook'!$F$20)) -> 1 | BT23: =IF(AB23="","",--(AB23='Codebook'!$F$21)) -> 0 | BU23: =IF(AC23="","",--(AC23='Codebook'!$F$22)) -> 0 | BV23: =IF(AD23="","",--(AD23='Codebook'!$F$23)) -> 0 | BW23: =IF(AE23="","",--(AE23='Codebook'!$F$24)) -> 0 | BX23: =IF(AF23="","",--(AF23='Codebook'!$F$25)) -> 0 | BY23: =IF(AG23="","",--(AG23='Codebook'!$F$26)) -> 0 | BZ23: =IF(AH23="","",--(AH23='Codebook'!$F$27)) -> 0 | CA23: =IF(AI23="","",--(AI23='Codebook'!$F$28)) -> 0 | CB23: =IF(AJ23="","",--(AJ23='Codebook'!$F$29)) -> 1 | CC23: =IF(AK23="","",--(AK23='Codebook'!$F$30)) -> 1 | CD23: =IF(AL23="","",--(AL23='Codebook'!$F$31)) -> 1 | CE23: =IF(AM23="","",--(AM23='Codebook'!$F$32)) -> 1 | CF23: =IF(AN23="","",--(AN23='Codebook'!$F$33)) -> 1 | CG23: =IF(AO23="","",--(AO23='Codebook'!$F$34)) -> 1 | CH23: =IF(AP23="","",--(AP23='Codebook'!$F$35)) -> 1 | CI23: =IF(AQ23="","",--(AQ23='Codebook'!$F$36)) -> 1 | CJ23: =IF(AR23="","",--(AR23='Codebook'!$F$37)) -> 1 | CK23: =IF(AS23="","",--(AS23='Codebook'!$F$38)) -> 1 | CL23: =IF(AT23="","",--(AT23='Codebook'!$F$39)) -> 0 | CM23: =IF(AU23="","",--(AU23='Codebook'!$F$40)) -> 0 | CN23: =IF(AV23="","",--(AV23='Codebook'!$F$41)) -> 1 | CO23: =IF(AW23="","",--(AW23='Codebook'!$F$42)) -> 1 | CP23: =IF(AX23="","",--(AX23='Codebook'!$F$43)) -> 1 | CQ23: =IF(AY23="","",--(AY23='Codebook'!$F$44)) -> 1 | CR23: =IF(AZ23="","",--(AZ23='Codebook'!$F$45)) -> 1
B24: 19 | C24: 46259.772 | D24: 21 | E24: Female | F24: 3rd year | G24: Nursing Sciences | H24: No | I24: =SUM(BL24:BU24) -> 7 | J24: =IF(COUNT(BV24:CD24)=9,SUM(BV24:CD24),"") -> 5 | K24: =SUM(BL24:CD24) -> 12 | L24: =--(K24>='Codebook'!$C$8) -> 1 | M24: =--(COUNT(BL24:CD24)=19) -> 1 | N24: =SUM(CE24:CL24) -> 6 | O24: =SUM(CM24:CR24) -> 2 | P24: =N24+O24 -> 8 | Q24: Yes | R24: Coursework / lectures | S24: =--OR(Overview!$B$6="All",E24=Overview!$B$6)*--OR(Overview!$F$6="All",F24=Overview!$F$6)*--OR(Overview!$J$6="All",G24=Overview!$J$6)*--OR(Overview!$N$6="All",H24=Overview!$N$6) -> 1 | T24: True | U24: Not sure | V24: False | W24: True | X24: True | Y24: False | Z24: True | AA24: Not sure | AB24: Not sure | AC24: True | AD24: True | AE24: True | AF24: False | AG24: Not sure | AH24: Not sure | AI24: Not sure | AJ24: Not sure | AK24: True | AL24: False | AM24: Covered | AN24: Covered | AO24: Not sure | AP24: Covered | AQ24: Covered | AR24: Covered | AS24: Not sure | AT24: Covered | AU24: Not sure | AV24: Not covered | AW24: Not sure | AX24: Not sure | AY24: Not covered | AZ24: Not sure | BA24: Radio or television, Social media (e.g. Facebook, WhatsApp, YouTube, X/Twitter), Friends or fellow students, School coursework or lectures | BB24: Lectures | BC24: =--ISNUMBER(SEARCH("Radio or television",BA24)) -> 1 | BD24: =--ISNUMBER(SEARCH("Newspapers or print media",BA24)) -> 0 | BE24: =--ISNUMBER(SEARCH("Social media (e.g. Facebook, WhatsApp, YouTube, X/Twitter)",BA24)) -> 1 | BF24: =--ISNUMBER(SEARCH("Family members",BA24)) -> 0 | BG24: =--ISNUMBER(SEARCH("Friends or fellow students",BA24)) -> 1 | BH24: =--ISNUMBER(SEARCH("School coursework or lectures",BA24)) -> 1 | BI24: =--ISNUMBER(SEARCH("NHIMA outreach activities or NHIMA offices",BA24)) -> 0 | BJ24: =--ISNUMBER(SEARCH("Health facility staff",BA24)) -> 0 | BK24: =--ISNUMBER(SEARCH("not received information",BA24)) -> 0 | BL24: =IF(T24="","",--(T24='Codebook'!$F$13)) -> 1 | BM24: =IF(U24="","",--(U24='Codebook'!$F$14)) -> 0 | BN24: =IF(V24="","",--(V24='Codebook'!$F$15)) -> 1 | BO24: =IF(W24="","",--(W24='Codebook'!$F$16)) -> 1 | BP24: =IF(X24="","",--(X24='Codebook'!$F$17)) -> 1 | BQ24: =IF(Y24="","",--(Y24='Codebook'!$F$18)) -> 1 | BR24: =IF(Z24="","",--(Z24='Codebook'!$F$19)) -> 1 | BS24: =IF(AA24="","",--(AA24='Codebook'!$F$20)) -> 0 | BT24: =IF(AB24="","",--(AB24='Codebook'!$F$21)) -> 0 | BU24: =IF(AC24="","",--(AC24='Codebook'!$F$22)) -> 1 | BV24: =IF(AD24="","",--(AD24='Codebook'!$F$23)) -> 1 | BW24: =IF(AE24="","",--(AE24='Codebook'!$F$24)) -> 1 | BX24: =IF(AF24="","",--(AF24='Codebook'!$F$25)) -> 1 | BY24: =IF(AG24="","",--(AG24='Codebook'!$F$26)) -> 0 | BZ24: =IF(AH24="","",--(AH24='Codebook'!$F$27)) -> 0 | CA24: =IF(AI24="","",--(AI24='Codebook'!$F$28)) -> 0 | CB24: =IF(AJ24="","",--(AJ24='Codebook'!$F$29)) -> 0 | CC24: =IF(AK24="","",--(AK24='Codebook'!$F$30)) -> 1 | CD24: =IF(AL24="","",--(AL24='Codebook'!$F$31)) -> 1 | CE24: =IF(AM24="","",--(AM24='Codebook'!$F$32)) -> 1 | CF24: =IF(AN24="","",--(AN24='Codebook'!$F$33)) -> 1 | CG24: =IF(AO24="","",--(AO24='Codebook'!$F$34)) -> 0 | CH24: =IF(AP24="","",--(AP24='Codebook'!$F$35)) -> 1 | CI24: =IF(AQ24="","",--(AQ24='Codebook'!$F$36)) -> 1 | CJ24: =IF(AR24="","",--(AR24='Codebook'!$F$37)) -> 1 | CK24: =IF(AS24="","",--(AS24='Codebook'!$F$38)) -> 0 | CL24: =IF(AT24="","",--(AT24='Codebook'!$F$39)) -> 1 | CM24: =IF(AU24="","",--(AU24='Codebook'!$F$40)) -> 0 | CN24: =IF(AV24="","",--(AV24='Codebook'!$F$41)) -> 1 | CO24: =IF(AW24="","",--(AW24='Codebook'!$F$42)) -> 0 | CP24: =IF(AX24="","",--(AX24='Codebook'!$F$43)) -> 0 | CQ24: =IF(AY24="","",--(AY24='Codebook'!$F$44)) -> 1 | CR24: =IF(AZ24="","",--(AZ24='Codebook'!$F$45)) -> 0
B25: 20 | C25: 46259.791 | D25: 24 | E25: Male | F25: 3rd year | G25: Pharmacy | H25: Yes | I25: =SUM(BL25:BU25) -> 6 | J25: =IF(COUNT(BV25:CD25)=9,SUM(BV25:CD25),"") -> 4 | K25: =SUM(BL25:CD25) -> 10 | L25: =--(K25>='Codebook'!$C$8) -> 0 | M25: =--(COUNT(BL25:CD25)=19) -> 1 | N25: =SUM(CE25:CL25) -> 8 | O25: =SUM(CM25:CR25) -> 6 | P25: =N25+O25 -> 14 | Q25: Yes | R25: Family | S25: =--OR(Overview!$B$6="All",E25=Overview!$B$6)*--OR(Overview!$F$6="All",F25=Overview!$F$6)*--OR(Overview!$J$6="All",G25=Overview!$J$6)*--OR(Overview!$N$6="All",H25=Overview!$N$6) -> 1 | T25: True | U25: True | V25: True | W25: True | X25: True | Y25: True | Z25: True | AA25: True | AB25: True | AC25: True | AD25: True | AE25: True | AF25: True | AG25: True | AH25: False | AI25: True | AJ25: True | AK25: True | AL25: True | AM25: Covered | AN25: Covered | AO25: Covered | AP25: Covered | AQ25: Covered | AR25: Covered | AS25: Covered | AT25: Covered | AU25: Not covered | AV25: Not covered | AW25: Not covered | AX25: Not covered | AY25: Not covered | AZ25: Not covered | BA25: Radio or television, Newspapers or print media, Social media (e.g. Facebook, WhatsApp, YouTube, X/Twitter), Family members, Friends or fellow students, School coursework or lectures, NHIMA outreach activities or NHIMA offices | BB25: Family | BC25: =--ISNUMBER(SEARCH("Radio or television",BA25)) -> 1 | BD25: =--ISNUMBER(SEARCH("Newspapers or print media",BA25)) -> 1 | BE25: =--ISNUMBER(SEARCH("Social media (e.g. Facebook, WhatsApp, YouTube, X/Twitter)",BA25)) -> 1 | BF25: =--ISNUMBER(SEARCH("Family members",BA25)) -> 1 | BG25: =--ISNUMBER(SEARCH("Friends or fellow students",BA25)) -> 1 | BH25: =--ISNUMBER(SEARCH("School coursework or lectures",BA25)) -> 1 | BI25: =--ISNUMBER(SEARCH("NHIMA outreach activities or NHIMA offices",BA25)) -> 1 | BJ25: =--ISNUMBER(SEARCH("Health facility staff",BA25)) -> 0 | BK25: =--ISNUMBER(SEARCH("not received information",BA25)) -> 0 | BL25: =IF(T25="","",--(T25='Codebook'!$F$13)) -> 1 | BM25: =IF(U25="","",--(U25='Codebook'!$F$14)) -> 0 | BN25: =IF(V25="","",--(V25='Codebook'!$F$15)) -> 0 | BO25: =IF(W25="","",--(W25='Codebook'!$F$16)) -> 1 | BP25: =IF(X25="","",--(X25='Codebook'!$F$17)) -> 1 | BQ25: =IF(Y25="","",--(Y25='Codebook'!$F$18)) -> 0 | BR25: =IF(Z25="","",--(Z25='Codebook'!$F$19)) -> 1 | BS25: =IF(AA25="","",--(AA25='Codebook'!$F$20)) -> 1 | BT25: =IF(AB25="","",--(AB25='Codebook'!$F$21)) -> 0 | BU25: =IF(AC25="","",--(AC25='Codebook'!$F$22)) -> 1 | BV25: =IF(AD25="","",--(AD25='Codebook'!$F$23)) -> 1 | BW25: =IF(AE25="","",--(AE25='Codebook'!$F$24)) -> 1 | BX25: =IF(AF25="","",--(AF25='Codebook'!$F$25)) -> 0 | BY25: =IF(AG25="","",--(AG25='Codebook'!$F$26)) -> 1 | BZ25: =IF(AH25="","",--(AH25='Codebook'!$F$27)) -> 0 | CA25: =IF(AI25="","",--(AI25='Codebook'!$F$28)) -> 0 | CB25: =IF(AJ25="","",--(AJ25='Codebook'!$F$29)) -> 0 | CC25: =IF(AK25="","",--(AK25='Codebook'!$F$30)) -> 1 | CD25: =IF(AL25="","",--(AL25='Codebook'!$F$31)) -> 0 | CE25: =IF(AM25="","",--(AM25='Codebook'!$F$32)) -> 1 | CF25: =IF(AN25="","",--(AN25='Codebook'!$F$33)) -> 1 | CG25: =IF(AO25="","",--(AO25='Codebook'!$F$34)) -> 1 | CH25: =IF(AP25="","",--(AP25='Codebook'!$F$35)) -> 1 | CI25: =IF(AQ25="","",--(AQ25='Codebook'!$F$36)) -> 1 | CJ25: =IF(AR25="","",--(AR25='Codebook'!$F$37)) -> 1 | CK25: =IF(AS25="","",--(AS25='Codebook'!$F$38)) -> 1 | CL25: =IF(AT25="","",--(AT25='Codebook'!$F$39)) -> 1 | CM25: =IF(AU25="","",--(AU25='Codebook'!$F$40)) -> 1 | CN25: =IF(AV25="","",--(AV25='Codebook'!$F$41)) -> 1 | CO25: =IF(AW25="","",--(AW25='Codebook'!$F$42)) -> 1 | CP25: =IF(AX25="","",--(AX25='Codebook'!$F$43)) -> 1 | CQ25: =IF(AY25="","",--(AY25='Codebook'!$F$44)) -> 1 | CR25: =IF(AZ25="","",--(AZ25='Codebook'!$F$45)) -> 1
B26: 21 | C26: 46259.9 | D26: 23 | E26: Male | F26: 4th year | G26: Nursing Sciences | H26: No | I26: =SUM(BL26:BU26) -> 0 | J26: =IF(COUNT(BV26:CD26)=9,SUM(BV26:CD26),"") | K26: =SUM(BL26:CD26) -> 0 | L26: =--(K26>='Codebook'!$C$8) -> 0 | M26: =--(COUNT(BL26:CD26)=19) -> 0 | N26: =SUM(CE26:CL26) -> 4 | O26: =SUM(CM26:CR26) -> 2 | P26: =N26+O26 -> 6 | Q26: Not sure | R26: Health facility staff | S26: =--OR(Overview!$B$6="All",E26=Overview!$B$6)*--OR(Overview!$F$6="All",F26=Overview!$F$6)*--OR(Overview!$J$6="All",G26=Overview!$J$6)*--OR(Overview!$N$6="All",H26=Overview!$N$6) -> 1 | T26: False | U26: True | V26: Not sure | W26: Not sure | X26: Not sure | Y26: Not sure | Z26: Not sure | AA26: Not sure | AB26: Not sure | AC26: Not sure | AM26: Not sure | AN26: Not sure | AO26: Not sure | AP26: Covered | AQ26: Not sure | AR26: Covered | AS26: Covered | AT26: Covered | AU26: Covered | AV26: Covered | AW26: Covered | AX26: Not sure | AY26: Not covered | AZ26: Not covered | BA26: Family members, NHIMA outreach activities or NHIMA offices | BB26: Health facility | BC26: =--ISNUMBER(SEARCH("Radio or television",BA26)) -> 0 | BD26: =--ISNUMBER(SEARCH("Newspapers or print media",BA26)) -> 0 | BE26: =--ISNUMBER(SEARCH("Social media (e.g. Facebook, WhatsApp, YouTube, X/Twitter)",BA26)) -> 0 | BF26: =--ISNUMBER(SEARCH("Family members",BA26)) -> 1 | BG26: =--ISNUMBER(SEARCH("Friends or fellow students",BA26)) -> 0 | BH26: =--ISNUMBER(SEARCH("School coursework or lectures",BA26)) -> 0 | BI26: =--ISNUMBER(SEARCH("NHIMA outreach activities or NHIMA offices",BA26)) -> 1 | BJ26: =--ISNUMBER(SEARCH("Health facility staff",BA26)) -> 0 | BK26: =--ISNUMBER(SEARCH("not received information",BA26)) -> 0 | BL26: =IF(T26="","",--(T26='Codebook'!$F$13)) -> 0 | BM26: =IF(U26="","",--(U26='Codebook'!$F$14)) -> 0 | BN26: =IF(V26="","",--(V26='Codebook'!$F$15)) -> 0 | BO26: =IF(W26="","",--(W26='Codebook'!$F$16)) -> 0 | BP26: =IF(X26="","",--(X26='Codebook'!$F$17)) -> 0 | BQ26: =IF(Y26="","",--(Y26='Codebook'!$F$18)) -> 0 | BR26: =IF(Z26="","",--(Z26='Codebook'!$F$19)) -> 0 | BS26: =IF(AA26="","",--(AA26='Codebook'!$F$20)) -> 0 | BT26: =IF(AB26="","",--(AB26='Codebook'!$F$21)) -> 0 | BU26: =IF(AC26="","",--(AC26='Codebook'!$F$22)) -> 0 | BV26: =IF(AD26="","",--(AD26='Codebook'!$F$23)) | BW26: =IF(AE26="","",--(AE26='Codebook'!$F$24)) | BX26: =IF(AF26="","",--(AF26='Codebook'!$F$25)) | BY26: =IF(AG26="","",--(AG26='Codebook'!$F$26)) | BZ26: =IF(AH26="","",--(AH26='Codebook'!$F$27)) | CA26: =IF(AI26="","",--(AI26='Codebook'!$F$28)) | CB26: =IF(AJ26="","",--(AJ26='Codebook'!$F$29)) | CC26: =IF(AK26="","",--(AK26='Codebook'!$F$30)) | CD26: =IF(AL26="","",--(AL26='Codebook'!$F$31)) | CE26: =IF(AM26="","",--(AM26='Codebook'!$F$32)) -> 0 | CF26: =IF(AN26="","",--(AN26='Codebook'!$F$33)) -> 0 | CG26: =IF(AO26="","",--(AO26='Codebook'!$F$34)) -> 0 | CH26: =IF(AP26="","",--(AP26='Codebook'!$F$35)) -> 1 | CI26: =IF(AQ26="","",--(AQ26='Codebook'!$F$36)) -> 0 | CJ26: =IF(AR26="","",--(AR26='Codebook'!$F$37)) -> 1 | CK26: =IF(AS26="","",--(AS26='Codebook'!$F$38)) -> 1 | CL26: =IF(AT26="","",--(AT26='Codebook'!$F$39)) -> 1 | CM26: =IF(AU26="","",--(AU26='Codebook'!$F$40)) -> 0 | CN26: =IF(AV26="","",--(AV26='Codebook'!$F$41)) -> 0 | CO26: =IF(AW26="","",--(AW26='Codebook'!$F$42)) -> 0 | CP26: =IF(AX26="","",--(AX26='Codebook'!$F$43)) -> 0 | CQ26: =IF(AY26="","",--(AY26='Codebook'!$F$44)) -> 1 | CR26: =IF(AZ26="","",--(AZ26='Codebook'!$F$45)) -> 1
B27: 22 | C27: 46260.422 | D27: 24 | E27: Female | F27: 4th year | G27: Public Health | H27: No | I27: =SUM(BL27:BU27) -> 5 | J27: =IF(COUNT(BV27:CD27)=9,SUM(BV27:CD27),"") -> 4 | K27: =SUM(BL27:CD27) -> 9 | L27: =--(K27>='Codebook'!$C$8) -> 0 | M27: =--(COUNT(BL27:CD27)=19) -> 1 | N27: =SUM(CE27:CL27) -> 8 | O27: =SUM(CM27:CR27) -> 3 | P27: =N27+O27 -> 11 | Q27: Not sure | R27: Social media | S27: =--OR(Overview!$B$6="All",E27=Overview!$B$6)*--OR(Overview!$F$6="All",F27=Overview!$F$6)*--OR(Overview!$J$6="All",G27=Overview!$J$6)*--OR(Overview!$N$6="All",H27=Overview!$N$6) -> 1 | T27: False | U27: True | V27: True | W27: True | X27: True | Y27: False | Z27: True | AA27: False | AB27: True | AC27: True | AD27: True | AE27: True | AF27: True | AG27: True | AH27: True | AI27: True | AJ27: True | AK27: False | AL27: True | AM27: Covered | AN27: Covered | AO27: Covered | AP27: Covered | AQ27: Covered | AR27: Covered | AS27: Covered | AT27: Covered | AU27: Not covered | AV27: Covered | AW27: Not covered | AX27: Covered | AY27: Covered | AZ27: Not covered | BA27: Radio or television, Newspapers or print media, Social media (e.g. Facebook, WhatsApp, YouTube, X/Twitter), Family members, Friends or fellow students | BB27: Social media | BC27: =--ISNUMBER(SEARCH("Radio or television",BA27)) -> 1 | BD27: =--ISNUMBER(SEARCH("Newspapers or print media",BA27)) -> 1 | BE27: =--ISNUMBER(SEARCH("Social media (e.g. Facebook, WhatsApp, YouTube, X/Twitter)",BA27)) -> 1 | BF27: =--ISNUMBER(SEARCH("Family members",BA27)) -> 1 | BG27: =--ISNUMBER(SEARCH("Friends or fellow students",BA27)) -> 1 | BH27: =--ISNUMBER(SEARCH("School coursework or lectures",BA27)) -> 0 | BI27: =--ISNUMBER(SEARCH("NHIMA outreach activities or NHIMA offices",BA27)) -> 0 | BJ27: =--ISNUMBER(SEARCH("Health facility staff",BA27)) -> 0 | BK27: =--ISNUMBER(SEARCH("not received information",BA27)) -> 0 | BL27: =IF(T27="","",--(T27='Codebook'!$F$13)) -> 0 | BM27: =IF(U27="","",--(U27='Codebook'!$F$14)) -> 0 | BN27: =IF(V27="","",--(V27='Codebook'!$F$15)) -> 0 | BO27: =IF(W27="","",--(W27='Codebook'!$F$16)) -> 1 | BP27: =IF(X27="","",--(X27='Codebook'!$F$17)) -> 1 | BQ27: =IF(Y27="","",--(Y27='Codebook'!$F$18)) -> 1 | BR27: =IF(Z27="","",--(Z27='Codebook'!$F$19)) -> 1 | BS27: =IF(AA27="","",--(AA27='Codebook'!$F$20)) -> 0 | BT27: =IF(AB27="","",--(AB27='Codebook'!$F$21)) -> 0 | BU27: =IF(AC27="","",--(AC27='Codebook'!$F$22)) -> 1 | BV27: =IF(AD27="","",--(AD27='Codebook'!$F$23)) -> 1 | BW27: =IF(AE27="","",--(AE27='Codebook'!$F$24)) -> 1 | BX27: =IF(AF27="","",--(AF27='Codebook'!$F$25)) -> 0 | BY27: =IF(AG27="","",--(AG27='Codebook'!$F$26)) -> 1 | BZ27: =IF(AH27="","",--(AH27='Codebook'!$F$27)) -> 1 | CA27: =IF(AI27="","",--(AI27='Codebook'!$F$28)) -> 0 | CB27: =IF(AJ27="","",--(AJ27='Codebook'!$F$29)) -> 0 | CC27: =IF(AK27="","",--(AK27='Codebook'!$F$30)) -> 0 | CD27: =IF(AL27="","",--(AL27='Codebook'!$F$31)) -> 0 | CE27: =IF(AM27="","",--(AM27='Codebook'!$F$32)) -> 1 | CF27: =IF(AN27="","",--(AN27='Codebook'!$F$33)) -> 1 | CG27: =IF(AO27="","",--(AO27='Codebook'!$F$34)) -> 1 | CH27: =IF(AP27="","",--(AP27='Codebook'!$F$35)) -> 1 | CI27: =IF(AQ27="","",--(AQ27='Codebook'!$F$36)) -> 1 | CJ27: =IF(AR27="","",--(AR27='Codebook'!$F$37)) -> 1 | CK27: =IF(AS27="","",--(AS27='Codebook'!$F$38)) -> 1 | CL27: =IF(AT27="","",--(AT27='Codebook'!$F$39)) -> 1 | CM27: =IF(AU27="","",--(AU27='Codebook'!$F$40)) -> 1 | CN27: =IF(AV27="","",--(AV27='Codebook'!$F$41)) -> 0 | CO27: =IF(AW27="","",--(AW27='Codebook'!$F$42)) -> 1 | CP27: =IF(AX27="","",--(AX27='Codebook'!$F$43)) -> 0 | CQ27: =IF(AY27="","",--(AY27='Codebook'!$F$44)) -> 0 | CR27: =IF(AZ27="","",--(AZ27='Codebook'!$F$45)) -> 1
B28: 23 | C28: 46274.838 | D28: 26 | E28: Male | F28: 4th year | G28: Public Health | H28: No | I28: =SUM(BL28:BU28) -> 5 | J28: =IF(COUNT(BV28:CD28)=9,SUM(BV28:CD28),"") -> 4 | K28: =SUM(BL28:CD28) -> 9 | L28: =--(K28>='Codebook'!$C$8) -> 0 | M28: =--(COUNT(BL28:CD28)=19) -> 1 | N28: =SUM(CE28:CL28) -> 3 | O28: =SUM(CM28:CR28) -> 5 | P28: =N28+O28 -> 8 | Q28: Yes | R28: Coursework / lectures | S28: =--OR(Overview!$B$6="All",E28=Overview!$B$6)*--OR(Overview!$F$6="All",F28=Overview!$F$6)*--OR(Overview!$J$6="All",G28=Overview!$J$6)*--OR(Overview!$N$6="All",H28=Overview!$N$6) -> 1 | T28: True | U28: Not sure | V28: True | W28: True | X28: Not sure | Y28: False | Z28: True | AA28: Not sure | AB28: Not sure | AC28: True | AD28: True | AE28: Not sure | AF28: False | AG28: Not sure | AH28: Not sure | AI28: Not sure | AJ28: True | AK28: True | AL28: False | AM28: Covered | AN28: Covered | AO28: Not sure | AP28: Covered | AQ28: Not sure | AR28: Not sure | AS28: Not sure | AT28: Not sure | AU28: Not covered | AV28: Not covered | AW28: Not covered | AX28: Not covered | AY28: Not sure | AZ28: Not covered | BA28: School coursework or lectures | BB28: Lectures in class | BC28: =--ISNUMBER(SEARCH("Radio or television",BA28)) -> 0 | BD28: =--ISNUMBER(SEARCH("Newspapers or print media",BA28)) -> 0 | BE28: =--ISNUMBER(SEARCH("Social media (e.g. Facebook, WhatsApp, YouTube, X/Twitter)",BA28)) -> 0 | BF28: =--ISNUMBER(SEARCH("Family members",BA28)) -> 0 | BG28: =--ISNUMBER(SEARCH("Friends or fellow students",BA28)) -> 0 | BH28: =--ISNUMBER(SEARCH("School coursework or lectures",BA28)) -> 1 | BI28: =--ISNUMBER(SEARCH("NHIMA outreach activities or NHIMA offices",BA28)) -> 0 | BJ28: =--ISNUMBER(SEARCH("Health facility staff",BA28)) -> 0 | BK28: =--ISNUMBER(SEARCH("not received information",BA28)) -> 0 | BL28: =IF(T28="","",--(T28='Codebook'!$F$13)) -> 1 | BM28: =IF(U28="","",--(U28='Codebook'!$F$14)) -> 0 | BN28: =IF(V28="","",--(V28='Codebook'!$F$15)) -> 0 | BO28: =IF(W28="","",--(W28='Codebook'!$F$16)) -> 1 | BP28: =IF(X28="","",--(X28='Codebook'!$F$17)) -> 0 | BQ28: =IF(Y28="","",--(Y28='Codebook'!$F$18)) -> 1 | BR28: =IF(Z28="","",--(Z28='Codebook'!$F$19)) -> 1 | BS28: =IF(AA28="","",--(AA28='Codebook'!$F$20)) -> 0 | BT28: =IF(AB28="","",--(AB28='Codebook'!$F$21)) -> 0 | BU28: =IF(AC28="","",--(AC28='Codebook'!$F$22)) -> 1 | BV28: =IF(AD28="","",--(AD28='Codebook'!$F$23)) -> 1 | BW28: =IF(AE28="","",--(AE28='Codebook'!$F$24)) -> 0 | BX28: =IF(AF28="","",--(AF28='Codebook'!$F$25)) -> 1 | BY28: =IF(AG28="","",--(AG28='Codebook'!$F$26)) -> 0 | BZ28: =IF(AH28="","",--(AH28='Codebook'!$F$27)) -> 0 | CA28: =IF(AI28="","",--(AI28='Codebook'!$F$28)) -> 0 | CB28: =IF(AJ28="","",--(AJ28='Codebook'!$F$29)) -> 0 | CC28: =IF(AK28="","",--(AK28='Codebook'!$F$30)) -> 1 | CD28: =IF(AL28="","",--(AL28='Codebook'!$F$31)) -> 1 | CE28: =IF(AM28="","",--(AM28='Codebook'!$F$32)) -> 1 | CF28: =IF(AN28="","",--(AN28='Codebook'!$F$33)) -> 1 | CG28: =IF(AO28="","",--(AO28='Codebook'!$F$34)) -> 0 | CH28: =IF(AP28="","",--(AP28='Codebook'!$F$35)) -> 1 | CI28: =IF(AQ28="","",--(AQ28='Codebook'!$F$36)) -> 0 | CJ28: =IF(AR28="","",--(AR28='Codebook'!$F$37)) -> 0 | CK28: =IF(AS28="","",--(AS28='Codebook'!$F$38)) -> 0 | CL28: =IF(AT28="","",--(AT28='Codebook'!$F$39)) -> 0 | CM28: =IF(AU28="","",--(AU28='Codebook'!$F$40)) -> 1 | CN28: =IF(AV28="","",--(AV28='Codebook'!$F$41)) -> 1 | CO28: =IF(AW28="","",--(AW28='Codebook'!$F$42)) -> 1 | CP28: =IF(AX28="","",--(AX28='Codebook'!$F$43)) -> 1 | CQ28: =IF(AY28="","",--(AY28='Codebook'!$F$44)) -> 0 | CR28: =IF(AZ28="","",--(AZ28='Codebook'!$F$45)) -> 1
B29: 24 | C29: 46275.915 | D29: 22 | E29: Male | F29: 4th year | G29: Public Health | H29: Yes | I29: =SUM(BL29:BU29) -> 5 | J29: =IF(COUNT(BV29:CD29)=9,SUM(BV29:CD29),"") -> 5 | K29: =SUM(BL29:CD29) -> 10 | L29: =--(K29>='Codebook'!$C$8) -> 0 | M29: =--(COUNT(BL29:CD29)=19) -> 1 | N29: =SUM(CE29:CL29) -> 4 | O29: =SUM(CM29:CR29) -> 3 | P29: =N29+O29 -> 7 | Q29: Yes | R29: NHIMA outreach / offices | S29: =--OR(Overview!$B$6="All",E29=Overview!$B$6)*--OR(Overview!$F$6="All",F29=Overview!$F$6)*--OR(Overview!$J$6="All",G29=Overview!$J$6)*--OR(Overview!$N$6="All",H29=Overview!$N$6) -> 1 | T29: True | U29: True | V29: False | W29: False | X29: False | Y29: False | Z29: False | AA29: Not sure | AB29: False | AC29: True | AD29: False | AE29: True | AF29: False | AG29: True | AH29: False | AI29: False | AJ29: True | AK29: True | AL29: True | AM29: Not covered | AN29: Not sure | AO29: Covered | AP29: Not covered | AQ29: Covered | AR29: Covered | AS29: Not covered | AT29: Covered | AU29: Not covered | AV29: Not covered | AW29: Covered | AX29: Not covered | AY29: Not sure | AZ29: Covered | BA29: Radio or television, Social media (e.g. Facebook, WhatsApp, YouTube, X/Twitter), Family members, Friends or fellow students, NHIMA outreach activities or NHIMA offices, Health facility staff | BB29: NHIMA | BC29: =--ISNUMBER(SEARCH("Radio or television",BA29)) -> 1 | BD29: =--ISNUMBER(SEARCH("Newspapers or print media",BA29)) -> 0 | BE29: =--ISNUMBER(SEARCH("Social media (e.g. Facebook, WhatsApp, YouTube, X/Twitter)",BA29)) -> 1 | BF29: =--ISNUMBER(SEARCH("Family members",BA29)) -> 1 | BG29: =--ISNUMBER(SEARCH("Friends or fellow students",BA29)) -> 1 | BH29: =--ISNUMBER(SEARCH("School coursework or lectures",BA29)) -> 0 | BI29: =--ISNUMBER(SEARCH("NHIMA outreach activities or NHIMA offices",BA29)) -> 1 | BJ29: =--ISNUMBER(SEARCH("Health facility staff",BA29)) -> 1 | BK29: =--ISNUMBER(SEARCH("not received information",BA29)) -> 0 | BL29: =IF(T29="","",--(T29='Codebook'!$F$13)) -> 1 | BM29: =IF(U29="","",--(U29='Codebook'!$F$14)) -> 0 | BN29: =IF(V29="","",--(V29='Codebook'!$F$15)) -> 1 | BO29: =IF(W29="","",--(W29='Codebook'!$F$16)) -> 0 | BP29: =IF(X29="","",--(X29='Codebook'!$F$17)) -> 0 | BQ29: =IF(Y29="","",--(Y29='Codebook'!$F$18)) -> 1 | BR29: =IF(Z29="","",--(Z29='Codebook'!$F$19)) -> 0 | BS29: =IF(AA29="","",--(AA29='Codebook'!$F$20)) -> 0 | BT29: =IF(AB29="","",--(AB29='Codebook'!$F$21)) -> 1 | BU29: =IF(AC29="","",--(AC29='Codebook'!$F$22)) -> 1 | BV29: =IF(AD29="","",--(AD29='Codebook'!$F$23)) -> 0 | BW29: =IF(AE29="","",--(AE29='Codebook'!$F$24)) -> 1 | BX29: =IF(AF29="","",--(AF29='Codebook'!$F$25)) -> 1 | BY29: =IF(AG29="","",--(AG29='Codebook'!$F$26)) -> 1 | BZ29: =IF(AH29="","",--(AH29='Codebook'!$F$27)) -> 0 | CA29: =IF(AI29="","",--(AI29='Codebook'!$F$28)) -> 1 | CB29: =IF(AJ29="","",--(AJ29='Codebook'!$F$29)) -> 0 | CC29: =IF(AK29="","",--(AK29='Codebook'!$F$30)) -> 1 | CD29: =IF(AL29="","",--(AL29='Codebook'!$F$31)) -> 0 | CE29: =IF(AM29="","",--(AM29='Codebook'!$F$32)) -> 0 | CF29: =IF(AN29="","",--(AN29='Codebook'!$F$33)) -> 0 | CG29: =IF(AO29="","",--(AO29='Codebook'!$F$34)) -> 1 | CH29: =IF(AP29="","",--(AP29='Codebook'!$F$35)) -> 0 | CI29: =IF(AQ29="","",--(AQ29='Codebook'!$F$36)) -> 1 | CJ29: =IF(AR29="","",--(AR29='Codebook'!$F$37)) -> 1 | CK29: =IF(AS29="","",--(AS29='Codebook'!$F$38)) -> 0 | CL29: =IF(AT29="","",--(AT29='Codebook'!$F$39)) -> 1 | CM29: =IF(AU29="","",--(AU29='Codebook'!$F$40)) -> 1 | CN29: =IF(AV29="","",--(AV29='Codebook'!$F$41)) -> 1 | CO29: =IF(AW29="","",--(AW29='Codebook'!$F$42)) -> 0 | CP29: =IF(AX29="","",--(AX29='Codebook'!$F$43)) -> 1 | CQ29: =IF(AY29="","",--(AY29='Codebook'!$F$44)) -> 0 | CR29: =IF(AZ29="","",--(AZ29='Codebook'!$F$45)) -> 0
B30: 25 | C30: 46275.935 | D30: 25 | E30: Female | F30: 2nd year | G30: Medicine | H30: No | I30: =SUM(BL30:BU30) -> 7 | J30: =IF(COUNT(BV30:CD30)=9,SUM(BV30:CD30),"") -> 5 | K30: =SUM(BL30:CD30) -> 12 | L30: =--(K30>='Codebook'!$C$8) -> 1 | M30: =--(COUNT(BL30:CD30)=19) -> 1 | N30: =SUM(CE30:CL30) -> 8 | O30: =SUM(CM30:CR30) -> 3 | P30: =N30+O30 -> 11 | Q30: Not sure | R30: Radio / TV | S30: =--OR(Overview!$B$6="All",E30=Overview!$B$6)*--OR(Overview!$F$6="All",F30=Overview!$F$6)*--OR(Overview!$J$6="All",G30=Overview!$J$6)*--OR(Overview!$N$6="All",H30=Overview!$N$6) -> 1 | T30: True | U30: True | V30: True | W30: True | X30: True | Y30: True | Z30: True | AA30: True | AB30: False | AC30: True | AD30: True | AE30: True | AF30: True | AG30: True | AH30: True | AI30: True | AJ30: True | AK30: True | AL30: True | AM30: Covered | AN30: Covered | AO30: Covered | AP30: Covered | AQ30: Covered | AR30: Covered | AS30: Covered | AT30: Covered | AU30: Not covered | AV30: Covered | AW30: Covered | AX30: Not covered | AY30: Not covered | AZ30: Covered | BA30: Radio or television, Health facility staff | BB30: Tv | BC30: =--ISNUMBER(SEARCH("Radio or television",BA30)) -> 1 | BD30: =--ISNUMBER(SEARCH("Newspapers or print media",BA30)) -> 0 | BE30: =--ISNUMBER(SEARCH("Social media (e.g. Facebook, WhatsApp, YouTube, X/Twitter)",BA30)) -> 0 | BF30: =--ISNUMBER(SEARCH("Family members",BA30)) -> 0 | BG30: =--ISNUMBER(SEARCH("Friends or fellow students",BA30)) -> 0 | BH30: =--ISNUMBER(SEARCH("School coursework or lectures",BA30)) -> 0 | BI30: =--ISNUMBER(SEARCH("NHIMA outreach activities or NHIMA offices",BA30)) -> 0 | BJ30: =--ISNUMBER(SEARCH("Health facility staff",BA30)) -> 1 | BK30: =--ISNUMBER(SEARCH("not received information",BA30)) -> 0 | BL30: =IF(T30="","",--(T30='Codebook'!$F$13)) -> 1 | BM30: =IF(U30="","",--(U30='Codebook'!$F$14)) -> 0 | BN30: =IF(V30="","",--(V30='Codebook'!$F$15)) -> 0 | BO30: =IF(W30="","",--(W30='Codebook'!$F$16)) -> 1 | BP30: =IF(X30="","",--(X30='Codebook'!$F$17)) -> 1 | BQ30: =IF(Y30="","",--(Y30='Codebook'!$F$18)) -> 0 | BR30: =IF(Z30="","",--(Z30='Codebook'!$F$19)) -> 1 | BS30: =IF(AA30="","",--(AA30='Codebook'!$F$20)) -> 1 | BT30: =IF(AB30="","",--(AB30='Codebook'!$F$21)) -> 1 | BU30: =IF(AC30="","",--(AC30='Codebook'!$F$22)) -> 1 | BV30: =IF(AD30="","",--(AD30='Codebook'!$F$23)) -> 1 | BW30: =IF(AE30="","",--(AE30='Codebook'!$F$24)) -> 1 | BX30: =IF(AF30="","",--(AF30='Codebook'!$F$25)) -> 0 | BY30: =IF(AG30="","",--(AG30='Codebook'!$F$26)) -> 1 | BZ30: =IF(AH30="","",--(AH30='Codebook'!$F$27)) -> 1 | CA30: =IF(AI30="","",--(AI30='Codebook'!$F$28)) -> 0 | CB30: =IF(AJ30="","",--(AJ30='Codebook'!$F$29)) -> 0 | CC30: =IF(AK30="","",--(AK30='Codebook'!$F$30)) -> 1 | CD30: =IF(AL30="","",--(AL30='Codebook'!$F$31)) -> 0 | CE30: =IF(AM30="","",--(AM30='Codebook'!$F$32)) -> 1 | CF30: =IF(AN30="","",--(AN30='Codebook'!$F$33)) -> 1 | CG30: =IF(AO30="","",--(AO30='Codebook'!$F$34)) -> 1 | CH30: =IF(AP30="","",--(AP30='Codebook'!$F$35)) -> 1 | CI30: =IF(AQ30="","",--(AQ30='Codebook'!$F$36)) -> 1 | CJ30: =IF(AR30="","",--(AR30='Codebook'!$F$37)) -> 1 | CK30: =IF(AS30="","",--(AS30='Codebook'!$F$38)) -> 1 | CL30: =IF(AT30="","",--(AT30='Codebook'!$F$39)) -> 1 | CM30: =IF(AU30="","",--(AU30='Codebook'!$F$40)) -> 1 | CN30: =IF(AV30="","",--(AV30='Codebook'!$F$41)) -> 0 | CO30: =IF(AW30="","",--(AW30='Codebook'!$F$42)) -> 0 | CP30: =IF(AX30="","",--(AX30='Codebook'!$F$43)) -> 1 | CQ30: =IF(AY30="","",--(AY30='Codebook'!$F$44)) -> 1 | CR30: =IF(AZ30="","",--(AZ30='Codebook'!$F$45)) -> 0
B31: 26 | C31: 46275.937 | D31: 23 | E31: Female | F31: 3rd year | G31: Public Health | H31: No | I31: =SUM(BL31:BU31) -> 6 | J31: =IF(COUNT(BV31:CD31)=9,SUM(BV31:CD31),"") -> 5 | K31: =SUM(BL31:CD31) -> 11 | L31: =--(K31>='Codebook'!$C$8) -> 0 | M31: =--(COUNT(BL31:CD31)=19) -> 1 | N31: =SUM(CE31:CL31) -> 8 | O31: =SUM(CM31:CR31) -> 6 | P31: =N31+O31 -> 14 | Q31: Not sure | R31: Multiple sources | S31: =--OR(Overview!$B$6="All",E31=Overview!$B$6)*--OR(Overview!$F$6="All",F31=Overview!$F$6)*--OR(Overview!$J$6="All",G31=Overview!$J$6)*--OR(Overview!$N$6="All",H31=Overview!$N$6) -> 1 | T31: True | U31: True | V31: True | W31: True | X31: True | Y31: True | Z31: True | AA31: True | AB31: True | AC31: True | AD31: True | AE31: True | AF31: True | AG31: True | AH31: True | AI31: True | AJ31: True | AK31: True | AL31: True | AM31: Covered | AN31: Covered | AO31: Covered | AP31: Covered | AQ31: Covered | AR31: Covered | AS31: Covered | AT31: Covered | AU31: Not covered | AV31: Not covered | AW31: Not covered | AX31: Not covered | AY31: Not covered | AZ31: Not covered | BA31: Radio or television, Social media (e.g. Facebook, WhatsApp, YouTube, X/Twitter), Friends or fellow students, School coursework or lectures, Health facility staff | BB31: Tv social media | BC31: =--ISNUMBER(SEARCH("Radio or television",BA31)) -> 1 | BD31: =--ISNUMBER(SEARCH("Newspapers or print media",BA31)) -> 0 | BE31: =--ISNUMBER(SEARCH("Social media (e.g. Facebook, WhatsApp, YouTube, X/Twitter)",BA31)) -> 1 | BF31: =--ISNUMBER(SEARCH("Family members",BA31)) -> 0 | BG31: =--ISNUMBER(SEARCH("Friends or fellow students",BA31)) -> 1 | BH31: =--ISNUMBER(SEARCH("School coursework or lectures",BA31)) -> 1 | BI31: =--ISNUMBER(SEARCH("NHIMA outreach activities or NHIMA offices",BA31)) -> 0 | BJ31: =--ISNUMBER(SEARCH("Health facility staff",BA31)) -> 1 | BK31: =--ISNUMBER(SEARCH("not received information",BA31)) -> 0 | BL31: =IF(T31="","",--(T31='Codebook'!$F$13)) -> 1 | BM31: =IF(U31="","",--(U31='Codebook'!$F$14)) -> 0 | BN31: =IF(V31="","",--(V31='Codebook'!$F$15)) -> 0 | BO31: =IF(W31="","",--(W31='Codebook'!$F$16)) -> 1 | BP31: =IF(X31="","",--(X31='Codebook'!$F$17)) -> 1 | BQ31: =IF(Y31="","",--(Y31='Codebook'!$F$18)) -> 0 | BR31: =IF(Z31="","",--(Z31='Codebook'!$F$19)) -> 1 | BS31: =IF(AA31="","",--(AA31='Codebook'!$F$20)) -> 1 | BT31: =IF(AB31="","",--(AB31='Codebook'!$F$21)) -> 0 | BU31: =IF(AC31="","",--(AC31='Codebook'!$F$22)) -> 1 | BV31: =IF(AD31="","",--(AD31='Codebook'!$F$23)) -> 1 | BW31: =IF(AE31="","",--(AE31='Codebook'!$F$24)) -> 1 | BX31: =IF(AF31="","",--(AF31='Codebook'!$F$25)) -> 0 | BY31: =IF(AG31="","",--(AG31='Codebook'!$F$26)) -> 1 | BZ31: =IF(AH31="","",--(AH31='Codebook'!$F$27)) -> 1 | CA31: =IF(AI31="","",--(AI31='Codebook'!$F$28)) -> 0 | CB31: =IF(AJ31="","",--(AJ31='Codebook'!$F$29)) -> 0 | CC31: =IF(AK31="","",--(AK31='Codebook'!$F$30)) -> 1 | CD31: =IF(AL31="","",--(AL31='Codebook'!$F$31)) -> 0 | CE31: =IF(AM31="","",--(AM31='Codebook'!$F$32)) -> 1 | CF31: =IF(AN31="","",--(AN31='Codebook'!$F$33)) -> 1 | CG31: =IF(AO31="","",--(AO31='Codebook'!$F$34)) -> 1 | CH31: =IF(AP31="","",--(AP31='Codebook'!$F$35)) -> 1 | CI31: =IF(AQ31="","",--(AQ31='Codebook'!$F$36)) -> 1 | CJ31: =IF(AR31="","",--(AR31='Codebook'!$F$37)) -> 1 | CK31: =IF(AS31="","",--(AS31='Codebook'!$F$38)) -> 1 | CL31: =IF(AT31="","",--(AT31='Codebook'!$F$39)) -> 1 | CM31: =IF(AU31="","",--(AU31='Codebook'!$F$40)) -> 1 | CN31: =IF(AV31="","",--(AV31='Codebook'!$F$41)) -> 1 | CO31: =IF(AW31="","",--(AW31='Codebook'!$F$42)) -> 1 | CP31: =IF(AX31="","",--(AX31='Codebook'!$F$43)) -> 1 | CQ31: =IF(AY31="","",--(AY31='Codebook'!$F$44)) -> 1 | CR31: =IF(AZ31="","",--(AZ31='Codebook'!$F$45)) -> 1
B32: 27 | C32: 46276.369 | D32: 24 | E32: Male | F32: 2nd year | G32: Medicine | H32: No | I32: =SUM(BL32:BU32) -> 7 | J32: =IF(COUNT(BV32:CD32)=9,SUM(BV32:CD32),"") -> 4 | K32: =SUM(BL32:CD32) -> 11 | L32: =--(K32>='Codebook'!$C$8) -> 0 | M32: =--(COUNT(BL32:CD32)=19) -> 1 | N32: =SUM(CE32:CL32) -> 8 | O32: =SUM(CM32:CR32) -> 0 | P32: =N32+O32 -> 8 | Q32: Not sure | R32: Social media | S32: =--OR(Overview!$B$6="All",E32=Overview!$B$6)*--OR(Overview!$F$6="All",F32=Overview!$F$6)*--OR(Overview!$J$6="All",G32=Overview!$J$6)*--OR(Overview!$N$6="All",H32=Overview!$N$6) -> 1 | T32: True | U32: True | V32: True | W32: True | X32: True | Y32: True | Z32: True | AA32: True | AB32: False | AC32: True | AD32: True | AE32: True | AF32: Not sure | AG32: Not sure | AH32: True | AI32: Not sure | AJ32: True | AK32: True | AL32: True | AM32: Covered | AN32: Covered | AO32: Covered | AP32: Covered | AQ32: Covered | AR32: Covered | AS32: Covered | AT32: Covered | AU32: Covered | AV32: Covered | AW32: Covered | AX32: Covered | AY32: Covered | AZ32: Covered | BA32: Radio or television, Social media (e.g. Facebook, WhatsApp, YouTube, X/Twitter), Friends or fellow students, Health facility staff | BB32: Social media | BC32: =--ISNUMBER(SEARCH("Radio or television",BA32)) -> 1 | BD32: =--ISNUMBER(SEARCH("Newspapers or print media",BA32)) -> 0 | BE32: =--ISNUMBER(SEARCH("Social media (e.g. Facebook, WhatsApp, YouTube, X/Twitter)",BA32)) -> 1 | BF32: =--ISNUMBER(SEARCH("Family members",BA32)) -> 0 | BG32: =--ISNUMBER(SEARCH("Friends or fellow students",BA32)) -> 1 | BH32: =--ISNUMBER(SEARCH("School coursework or lectures",BA32)) -> 0 | BI32: =--ISNUMBER(SEARCH("NHIMA outreach activities or NHIMA offices",BA32)) -> 0 | BJ32: =--ISNUMBER(SEARCH("Health facility staff",BA32)) -> 1 | BK32: =--ISNUMBER(SEARCH("not received information",BA32)) -> 0 | BL32: =IF(T32="","",--(T32='Codebook'!$F$13)) -> 1 | BM32: =IF(U32="","",--(U32='Codebook'!$F$14)) -> 0 | BN32: =IF(V32="","",--(V32='Codebook'!$F$15)) -> 0 | BO32: =IF(W32="","",--(W32='Codebook'!$F$16)) -> 1 | BP32: =IF(X32="","",--(X32='Codebook'!$F$17)) -> 1 | BQ32: =IF(Y32="","",--(Y32='Codebook'!$F$18)) -> 0 | BR32: =IF(Z32="","",--(Z32='Codebook'!$F$19)) -> 1 | BS32: =IF(AA32="","",--(AA32='Codebook'!$F$20)) -> 1 | BT32: =IF(AB32="","",--(AB32='Codebook'!$F$21)) -> 1 | BU32: =IF(AC32="","",--(AC32='Codebook'!$F$22)) -> 1 | BV32: =IF(AD32="","",--(AD32='Codebook'!$F$23)) -> 1 | BW32: =IF(AE32="","",--(AE32='Codebook'!$F$24)) -> 1 | BX32: =IF(AF32="","",--(AF32='Codebook'!$F$25)) -> 0 | BY32: =IF(AG32="","",--(AG32='Codebook'!$F$26)) -> 0 | BZ32: =IF(AH32="","",--(AH32='Codebook'!$F$27)) -> 1 | CA32: =IF(AI32="","",--(AI32='Codebook'!$F$28)) -> 0 | CB32: =IF(AJ32="","",--(AJ32='Codebook'!$F$29)) -> 0 | CC32: =IF(AK32="","",--(AK32='Codebook'!$F$30)) -> 1 | CD32: =IF(AL32="","",--(AL32='Codebook'!$F$31)) -> 0 | CE32: =IF(AM32="","",--(AM32='Codebook'!$F$32)) -> 1 | CF32: =IF(AN32="","",--(AN32='Codebook'!$F$33)) -> 1 | CG32: =IF(AO32="","",--(AO32='Codebook'!$F$34)) -> 1 | CH32: =IF(AP32="","",--(AP32='Codebook'!$F$35)) -> 1 | CI32: =IF(AQ32="","",--(AQ32='Codebook'!$F$36)) -> 1 | CJ32: =IF(AR32="","",--(AR32='Codebook'!$F$37)) -> 1 | CK32: =IF(AS32="","",--(AS32='Codebook'!$F$38)) -> 1 | CL32: =IF(AT32="","",--(AT32='Codebook'!$F$39)) -> 1 | CM32: =IF(AU32="","",--(AU32='Codebook'!$F$40)) -> 0 | CN32: =IF(AV32="","",--(AV32='Codebook'!$F$41)) -> 0 | CO32: =IF(AW32="","",--(AW32='Codebook'!$F$42)) -> 0 | CP32: =IF(AX32="","",--(AX32='Codebook'!$F$43)) -> 0 | CQ32: =IF(AY32="","",--(AY32='Codebook'!$F$44)) -> 0 | CR32: =IF(AZ32="","",--(AZ32='Codebook'!$F$45)) -> 0
B33: 28 | C33: 46276.371 | D33: 24 | E33: Female | F33: 3rd year | G33: Public Health | H33: No | I33: =SUM(BL33:BU33) -> 6 | J33: =IF(COUNT(BV33:CD33)=9,SUM(BV33:CD33),"") -> 6 | K33: =SUM(BL33:CD33) -> 12 | L33: =--(K33>='Codebook'!$C$8) -> 1 | M33: =--(COUNT(BL33:CD33)=19) -> 1 | N33: =SUM(CE33:CL33) -> 5 | O33: =SUM(CM33:CR33) -> 6 | P33: =N33+O33 -> 11 | Q33: Yes | R33: Multiple sources | S33: =--OR(Overview!$B$6="All",E33=Overview!$B$6)*--OR(Overview!$F$6="All",F33=Overview!$F$6)*--OR(Overview!$J$6="All",G33=Overview!$J$6)*--OR(Overview!$N$6="All",H33=Overview!$N$6) -> 1 | T33: True | U33: True | V33: True | W33: True | X33: True | Y33: True | Z33: True | AA33: True | AB33: True | AC33: True | AD33: True | AE33: True | AF33: False | AG33: False | AH33: True | AI33: True | AJ33: True | AK33: True | AL33: False | AM33: Not covered | AN33: Not covered | AO33: Covered | AP33: Covered | AQ33: Not covered | AR33: Covered | AS33: Covered | AT33: Covered | AU33: Not covered | AV33: Not covered | AW33: Not covered | AX33: Not covered | AY33: Not covered | AZ33: Not covered | BA33: Radio or television, Social media (e.g. Facebook, WhatsApp, YouTube, X/Twitter), School coursework or lectures, Health facility staff | BB33: Tv and social media | BC33: =--ISNUMBER(SEARCH("Radio or television",BA33)) -> 1 | BD33: =--ISNUMBER(SEARCH("Newspapers or print media",BA33)) -> 0 | BE33: =--ISNUMBER(SEARCH("Social media (e.g. Facebook, WhatsApp, YouTube, X/Twitter)",BA33)) -> 1 | BF33: =--ISNUMBER(SEARCH("Family members",BA33)) -> 0 | BG33: =--ISNUMBER(SEARCH("Friends or fellow students",BA33)) -> 0 | BH33: =--ISNUMBER(SEARCH("School coursework or lectures",BA33)) -> 1 | BI33: =--ISNUMBER(SEARCH("NHIMA outreach activities or NHIMA offices",BA33)) -> 0 | BJ33: =--ISNUMBER(SEARCH("Health facility staff",BA33)) -> 1 | BK33: =--ISNUMBER(SEARCH("not received information",BA33)) -> 0 | BL33: =IF(T33="","",--(T33='Codebook'!$F$13)) -> 1 | BM33: =IF(U33="","",--(U33='Codebook'!$F$14)) -> 0 | BN33: =IF(V33="","",--(V33='Codebook'!$F$15)) -> 0 | BO33: =IF(W33="","",--(W33='Codebook'!$F$16)) -> 1 | BP33: =IF(X33="","",--(X33='Codebook'!$F$17)) -> 1 | BQ33: =IF(Y33="","",--(Y33='Codebook'!$F$18)) -> 0 | BR33: =IF(Z33="","",--(Z33='Codebook'!$F$19)) -> 1 | BS33: =IF(AA33="","",--(AA33='Codebook'!$F$20)) -> 1 | BT33: =IF(AB33="","",--(AB33='Codebook'!$F$21)) -> 0 | BU33: =IF(AC33="","",--(AC33='Codebook'!$F$22)) -> 1 | BV33: =IF(AD33="","",--(AD33='Codebook'!$F$23)) -> 1 | BW33: =IF(AE33="","",--(AE33='Codebook'!$F$24)) -> 1 | BX33: =IF(AF33="","",--(AF33='Codebook'!$F$25)) -> 1 | BY33: =IF(AG33="","",--(AG33='Codebook'!$F$26)) -> 0 | BZ33: =IF(AH33="","",--(AH33='Codebook'!$F$27)) -> 1 | CA33: =IF(AI33="","",--(AI33='Codebook'!$F$28)) -> 0 | CB33: =IF(AJ33="","",--(AJ33='Codebook'!$F$29)) -> 0 | CC33: =IF(AK33="","",--(AK33='Codebook'!$F$30)) -> 1 | CD33: =IF(AL33="","",--(AL33='Codebook'!$F$31)) -> 1 | CE33: =IF(AM33="","",--(AM33='Codebook'!$F$32)) -> 0 | CF33: =IF(AN33="","",--(AN33='Codebook'!$F$33)) -> 0 | CG33: =IF(AO33="","",--(AO33='Codebook'!$F$34)) -> 1 | CH33: =IF(AP33="","",--(AP33='Codebook'!$F$35)) -> 1 | CI33: =IF(AQ33="","",--(AQ33='Codebook'!$F$36)) -> 0 | CJ33: =IF(AR33="","",--(AR33='Codebook'!$F$37)) -> 1 | CK33: =IF(AS33="","",--(AS33='Codebook'!$F$38)) -> 1 | CL33: =IF(AT33="","",--(AT33='Codebook'!$F$39)) -> 1 | CM33: =IF(AU33="","",--(AU33='Codebook'!$F$40)) -> 1 | CN33: =IF(AV33="","",--(AV33='Codebook'!$F$41)) -> 1 | CO33: =IF(AW33="","",--(AW33='Codebook'!$F$42)) -> 1 | CP33: =IF(AX33="","",--(AX33='Codebook'!$F$43)) -> 1 | CQ33: =IF(AY33="","",--(AY33='Codebook'!$F$44)) -> 1 | CR33: =IF(AZ33="","",--(AZ33='Codebook'!$F$45)) -> 1
B34: 29 | C34: 46276.373 | D34: 24 | E34: Male | F34: 4th year | G34: Nursing Sciences | H34: No | I34: =SUM(BL34:BU34) -> 5 | J34: =IF(COUNT(BV34:CD34)=9,SUM(BV34:CD34),"") -> 3 | K34: =SUM(BL34:CD34) -> 8 | L34: =--(K34>='Codebook'!$C$8) -> 0 | M34: =--(COUNT(BL34:CD34)=19) -> 1 | N34: =SUM(CE34:CL34) -> 8 | O34: =SUM(CM34:CR34) -> 3 | P34: =N34+O34 -> 11 | Q34: Not sure | R34: Family | S34: =--OR(Overview!$B$6="All",E34=Overview!$B$6)*--OR(Overview!$F$6="All",F34=Overview!$F$6)*--OR(Overview!$J$6="All",G34=Overview!$J$6)*--OR(Overview!$N$6="All",H34=Overview!$N$6) -> 1 | T34: True | U34: True | V34: True | W34: True | X34: True | Y34: True | Z34: True | AA34: Not sure | AB34: Not sure | AC34: True | AD34: Not sure | AE34: Not sure | AF34: Not sure | AG34: Not sure | AH34: True | AI34: Not sure | AJ34: True | AK34: True | AL34: False | AM34: Covered | AN34: Covered | AO34: Covered | AP34: Covered | AQ34: Covered | AR34: Covered | AS34: Covered | AT34: Covered | AU34: Not covered | AV34: Covered | AW34: Covered | AX34: Not covered | AY34: Not sure | AZ34: Not covered | BA34: Radio or television, Social media (e.g. Facebook, WhatsApp, YouTube, X/Twitter), Family members, Friends or fellow students, Health facility staff | BB34: Family | BC34: =--ISNUMBER(SEARCH("Radio or television",BA34)) -> 1 | BD34: =--ISNUMBER(SEARCH("Newspapers or print media",BA34)) -> 0 | BE34: =--ISNUMBER(SEARCH("Social media (e.g. Facebook, WhatsApp, YouTube, X/Twitter)",BA34)) -> 1 | BF34: =--ISNUMBER(SEARCH("Family members",BA34)) -> 1 | BG34: =--ISNUMBER(SEARCH("Friends or fellow students",BA34)) -> 1 | BH34: =--ISNUMBER(SEARCH("School coursework or lectures",BA34)) -> 0 | BI34: =--ISNUMBER(SEARCH("NHIMA outreach activities or NHIMA offices",BA34)) -> 0 | BJ34: =--ISNUMBER(SEARCH("Health facility staff",BA34)) -> 1 | BK34: =--ISNUMBER(SEARCH("not received information",BA34)) -> 0 | BL34: =IF(T34="","",--(T34='Codebook'!$F$13)) -> 1 | BM34: =IF(U34="","",--(U34='Codebook'!$F$14)) -> 0 | BN34: =IF(V34="","",--(V34='Codebook'!$F$15)) -> 0 | BO34: =IF(W34="","",--(W34='Codebook'!$F$16)) -> 1 | BP34: =IF(X34="","",--(X34='Codebook'!$F$17)) -> 1 | BQ34: =IF(Y34="","",--(Y34='Codebook'!$F$18)) -> 0 | BR34: =IF(Z34="","",--(Z34='Codebook'!$F$19)) -> 1 | BS34: =IF(AA34="","",--(AA34='Codebook'!$F$20)) -> 0 | BT34: =IF(AB34="","",--(AB34='Codebook'!$F$21)) -> 0 | BU34: =IF(AC34="","",--(AC34='Codebook'!$F$22)) -> 1 | BV34: =IF(AD34="","",--(AD34='Codebook'!$F$23)) -> 0 | BW34: =IF(AE34="","",--(AE34='Codebook'!$F$24)) -> 0 | BX34: =IF(AF34="","",--(AF34='Codebook'!$F$25)) -> 0 | BY34: =IF(AG34="","",--(AG34='Codebook'!$F$26)) -> 0 | BZ34: =IF(AH34="","",--(AH34='Codebook'!$F$27)) -> 1 | CA34: =IF(AI34="","",--(AI34='Codebook'!$F$28)) -> 0 | CB34: =IF(AJ34="","",--(AJ34='Codebook'!$F$29)) -> 0 | CC34: =IF(AK34="","",--(AK34='Codebook'!$F$30)) -> 1 | CD34: =IF(AL34="","",--(AL34='Codebook'!$F$31)) -> 1 | CE34: =IF(AM34="","",--(AM34='Codebook'!$F$32)) -> 1 | CF34: =IF(AN34="","",--(AN34='Codebook'!$F$33)) -> 1 | CG34: =IF(AO34="","",--(AO34='Codebook'!$F$34)) -> 1 | CH34: =IF(AP34="","",--(AP34='Codebook'!$F$35)) -> 1 | CI34: =IF(AQ34="","",--(AQ34='Codebook'!$F$36)) -> 1 | CJ34: =IF(AR34="","",--(AR34='Codebook'!$F$37)) -> 1 | CK34: =IF(AS34="","",--(AS34='Codebook'!$F$38)) -> 1 | CL34: =IF(AT34="","",--(AT34='Codebook'!$F$39)) -> 1 | CM34: =IF(AU34="","",--(AU34='Codebook'!$F$40)) -> 1 | CN34: =IF(AV34="","",--(AV34='Codebook'!$F$41)) -> 0 | CO34: =IF(AW34="","",--(AW34='Codebook'!$F$42)) -> 0 | CP34: =IF(AX34="","",--(AX34='Codebook'!$F$43)) -> 1 | CQ34: =IF(AY34="","",--(AY34='Codebook'!$F$44)) -> 0 | CR34: =IF(AZ34="","",--(AZ34='Codebook'!$F$45)) -> 1
B35: 30 | C35: 46276.4 | D35: 23 | E35: Female | F35: 4th year | G35: Pharmacy | H35: No | I35: =SUM(BL35:BU35) -> 6 | J35: =IF(COUNT(BV35:CD35)=9,SUM(BV35:CD35),"") -> 4 | K35: =SUM(BL35:CD35) -> 10 | L35: =--(K35>='Codebook'!$C$8) -> 0 | M35: =--(COUNT(BL35:CD35)=19) -> 1 | N35: =SUM(CE35:CL35) -> 5 | O35: =SUM(CM35:CR35) -> 2 | P35: =N35+O35 -> 7 | Q35: Yes | R35: Radio / TV | S35: =--OR(Overview!$B$6="All",E35=Overview!$B$6)*--OR(Overview!$F$6="All",F35=Overview!$F$6)*--OR(Overview!$J$6="All",G35=Overview!$J$6)*--OR(Overview!$N$6="All",H35=Overview!$N$6) -> 1 | T35: True | U35: True | V35: True | W35: True | X35: True | Y35: True | Z35: True | AA35: True | AB35: True | AC35: True | AD35: True | AE35: True | AF35: True | AG35: True | AH35: True | AI35: Not sure | AJ35: True | AK35: Not sure | AL35: True | AM35: Covered | AN35: Covered | AO35: Covered | AP35: Not covered | AQ35: Not covered | AR35: Not sure | AS35: Covered | AT35: Covered | AU35: Covered | AV35: Covered | AW35: Not covered | AX35: Not sure | AY35: Not covered | AZ35: Covered | BA35: Radio or television, Social media (e.g. Facebook, WhatsApp, YouTube, X/Twitter) | BB35: Tv | BC35: =--ISNUMBER(SEARCH("Radio or television",BA35)) -> 1 | BD35: =--ISNUMBER(SEARCH("Newspapers or print media",BA35)) -> 0 | BE35: =--ISNUMBER(SEARCH("Social media (e.g. Facebook, WhatsApp, YouTube, X/Twitter)",BA35)) -> 1 | BF35: =--ISNUMBER(SEARCH("Family members",BA35)) -> 0 | BG35: =--ISNUMBER(SEARCH("Friends or fellow students",BA35)) -> 0 | BH35: =--ISNUMBER(SEARCH("School coursework or lectures",BA35)) -> 0 | BI35: =--ISNUMBER(SEARCH("NHIMA outreach activities or NHIMA offices",BA35)) -> 0 | BJ35: =--ISNUMBER(SEARCH("Health facility staff",BA35)) -> 0 | BK35: =--ISNUMBER(SEARCH("not received information",BA35)) -> 0 | BL35: =IF(T35="","",--(T35='Codebook'!$F$13)) -> 1 | BM35: =IF(U35="","",--(U35='Codebook'!$F$14)) -> 0 | BN35: =IF(V35="","",--(V35='Codebook'!$F$15)) -> 0 | BO35: =IF(W35="","",--(W35='Codebook'!$F$16)) -> 1 | BP35: =IF(X35="","",--(X35='Codebook'!$F$17)) -> 1 | BQ35: =IF(Y35="","",--(Y35='Codebook'!$F$18)) -> 0 | BR35: =IF(Z35="","",--(Z35='Codebook'!$F$19)) -> 1 | BS35: =IF(AA35="","",--(AA35='Codebook'!$F$20)) -> 1 | BT35: =IF(AB35="","",--(AB35='Codebook'!$F$21)) -> 0 | BU35: =IF(AC35="","",--(AC35='Codebook'!$F$22)) -> 1 | BV35: =IF(AD35="","",--(AD35='Codebook'!$F$23)) -> 1 | BW35: =IF(AE35="","",--(AE35='Codebook'!$F$24)) -> 1 | BX35: =IF(AF35="","",--(AF35='Codebook'!$F$25)) -> 0 | BY35: =IF(AG35="","",--(AG35='Codebook'!$F$26)) -> 1 | BZ35: =IF(AH35="","",--(AH35='Codebook'!$F$27)) -> 1 | CA35: =IF(AI35="","",--(AI35='Codebook'!$F$28)) -> 0 | CB35: =IF(AJ35="","",--(AJ35='Codebook'!$F$29)) -> 0 | CC35: =IF(AK35="","",--(AK35='Codebook'!$F$30)) -> 0 | CD35: =IF(AL35="","",--(AL35='Codebook'!$F$31)) -> 0 | CE35: =IF(AM35="","",--(AM35='Codebook'!$F$32)) -> 1 | CF35: =IF(AN35="","",--(AN35='Codebook'!$F$33)) -> 1 | CG35: =IF(AO35="","",--(AO35='Codebook'!$F$34)) -> 1 | CH35: =IF(AP35="","",--(AP35='Codebook'!$F$35)) -> 0 | CI35: =IF(AQ35="","",--(AQ35='Codebook'!$F$36)) -> 0 | CJ35: =IF(AR35="","",--(AR35='Codebook'!$F$37)) -> 0 | CK35: =IF(AS35="","",--(AS35='Codebook'!$F$38)) -> 1 | CL35: =IF(AT35="","",--(AT35='Codebook'!$F$39)) -> 1 | CM35: =IF(AU35="","",--(AU35='Codebook'!$F$40)) -> 0 | CN35: =IF(AV35="","",--(AV35='Codebook'!$F$41)) -> 0 | CO35: =IF(AW35="","",--(AW35='Codebook'!$F$42)) -> 1 | CP35: =IF(AX35="","",--(AX35='Codebook'!$F$43)) -> 0 | CQ35: =IF(AY35="","",--(AY35='Codebook'!$F$44)) -> 1 | CR35: =IF(AZ35="","",--(AZ35='Codebook'!$F$45)) -> 0
B36: 31 | C36: 46276.401 | D36: 24 | E36: Male | F36: 5th year or above | G36: Other Ridgeway Health Sciences programme | H36: No | I36: =SUM(BL36:BU36) -> 6 | J36: =IF(COUNT(BV36:CD36)=9,SUM(BV36:CD36),"") -> 6 | K36: =SUM(BL36:CD36) -> 12 | L36: =--(K36>='Codebook'!$C$8) -> 1 | M36: =--(COUNT(BL36:CD36)=19) -> 1 | N36: =SUM(CE36:CL36) -> 8 | O36: =SUM(CM36:CR36) -> 0 | P36: =N36+O36 -> 8 | Q36: Not sure | R36: Coursework / lectures | S36: =--OR(Overview!$B$6="All",E36=Overview!$B$6)*--OR(Overview!$F$6="All",F36=Overview!$F$6)*--OR(Overview!$J$6="All",G36=Overview!$J$6)*--OR(Overview!$N$6="All",H36=Overview!$N$6) -> 1 | T36: True | U36: True | V36: True | W36: True | X36: True | Y36: True | Z36: True | AA36: True | AB36: True | AC36: True | AD36: True | AE36: True | AF36: True | AG36: True | AH36: True | AI36: True | AJ36: True | AK36: True | AL36: False | AM36: Covered | AN36: Covered | AO36: Covered | AP36: Covered | AQ36: Covered | AR36: Covered | AS36: Covered | AT36: Covered | AU36: Covered | AV36: Covered | AW36: Covered | AX36: Covered | AY36: Covered | AZ36: Covered | BA36: Radio or television, Social media (e.g. Facebook, WhatsApp, YouTube, X/Twitter), School coursework or lectures | BB36: Schools | BC36: =--ISNUMBER(SEARCH("Radio or television",BA36)) -> 1 | BD36: =--ISNUMBER(SEARCH("Newspapers or print media",BA36)) -> 0 | BE36: =--ISNUMBER(SEARCH("Social media (e.g. Facebook, WhatsApp, YouTube, X/Twitter)",BA36)) -> 1 | BF36: =--ISNUMBER(SEARCH("Family members",BA36)) -> 0 | BG36: =--ISNUMBER(SEARCH("Friends or fellow students",BA36)) -> 0 | BH36: =--ISNUMBER(SEARCH("School coursework or lectures",BA36)) -> 1 | BI36: =--ISNUMBER(SEARCH("NHIMA outreach activities or NHIMA offices",BA36)) -> 0 | BJ36: =--ISNUMBER(SEARCH("Health facility staff",BA36)) -> 0 | BK36: =--ISNUMBER(SEARCH("not received information",BA36)) -> 0 | BL36: =IF(T36="","",--(T36='Codebook'!$F$13)) -> 1 | BM36: =IF(U36="","",--(U36='Codebook'!$F$14)) -> 0 | BN36: =IF(V36="","",--(V36='Codebook'!$F$15)) -> 0 | BO36: =IF(W36="","",--(W36='Codebook'!$F$16)) -> 1 | BP36: =IF(X36="","",--(X36='Codebook'!$F$17)) -> 1 | BQ36: =IF(Y36="","",--(Y36='Codebook'!$F$18)) -> 0 | BR36: =IF(Z36="","",--(Z36='Codebook'!$F$19)) -> 1 | BS36: =IF(AA36="","",--(AA36='Codebook'!$F$20)) -> 1 | BT36: =IF(AB36="","",--(AB36='Codebook'!$F$21)) -> 0 | BU36: =IF(AC36="","",--(AC36='Codebook'!$F$22)) -> 1 | BV36: =IF(AD36="","",--(AD36='Codebook'!$F$23)) -> 1 | BW36: =IF(AE36="","",--(AE36='Codebook'!$F$24)) -> 1 | BX36: =IF(AF36="","",--(AF36='Codebook'!$F$25)) -> 0 | BY36: =IF(AG36="","",--(AG36='Codebook'!$F$26)) -> 1 | BZ36: =IF(AH36="","",--(AH36='Codebook'!$F$27)) -> 1 | CA36: =IF(AI36="","",--(AI36='Codebook'!$F$28)) -> 0 | CB36: =IF(AJ36="","",--(AJ36='Codebook'!$F$29)) -> 0 | CC36: =IF(AK36="","",--(AK36='Codebook'!$F$30)) -> 1 | CD36: =IF(AL36="","",--(AL36='Codebook'!$F$31)) -> 1 | CE36: =IF(AM36="","",--(AM36='Codebook'!$F$32)) -> 1 | CF36: =IF(AN36="","",--(AN36='Codebook'!$F$33)) -> 1 | CG36: =IF(AO36="","",--(AO36='Codebook'!$F$34)) -> 1 | CH36: =IF(AP36="","",--(AP36='Codebook'!$F$35)) -> 1 | CI36: =IF(AQ36="","",--(AQ36='Codebook'!$F$36)) -> 1 | CJ36: =IF(AR36="","",--(AR36='Codebook'!$F$37)) -> 1 | CK36: =IF(AS36="","",--(AS36='Codebook'!$F$38)) -> 1 | CL36: =IF(AT36="","",--(AT36='Codebook'!$F$39)) -> 1 | CM36: =IF(AU36="","",--(AU36='Codebook'!$F$40)) -> 0 | CN36: =IF(AV36="","",--(AV36='Codebook'!$F$41)) -> 0 | CO36: =IF(AW36="","",--(AW36='Codebook'!$F$42)) -> 0 | CP36: =IF(AX36="","",--(AX36='Codebook'!$F$43)) -> 0 | CQ36: =IF(AY36="","",--(AY36='Codebook'!$F$44)) -> 0 | CR36: =IF(AZ36="","",--(AZ36='Codebook'!$F$45)) -> 0
B37: 32 | C37: 46276.402 | D37: 25 | E37: Female | F37: 3rd year | G37: Medicine | H37: No | I37: =SUM(BL37:BU37) -> 6 | J37: =IF(COUNT(BV37:CD37)=9,SUM(BV37:CD37),"") -> 4 | K37: =SUM(BL37:CD37) -> 10 | L37: =--(K37>='Codebook'!$C$8) -> 0 | M37: =--(COUNT(BL37:CD37)=19) -> 1 | N37: =SUM(CE37:CL37) -> 3 | O37: =SUM(CM37:CR37) -> 1 | P37: =N37+O37 -> 4 | Q37: Not sure | R37: Radio / TV | S37: =--OR(Overview!$B$6="All",E37=Overview!$B$6)*--OR(Overview!$F$6="All",F37=Overview!$F$6)*--OR(Overview!$J$6="All",G37=Overview!$J$6)*--OR(Overview!$N$6="All",H37=Overview!$N$6) -> 1 | T37: True | U37: True | V37: True | W37: True | X37: True | Y37: True | Z37: True | AA37: True | AB37: True | AC37: True | AD37: True | AE37: True | AF37: True | AG37: Not sure | AH37: Not sure | AI37: True | AJ37: Not sure | AK37: True | AL37: False | AM37: Covered | AN37: Covered | AO37: Not covered | AP37: Not sure | AQ37: Covered | AR37: Not sure | AS37: Not covered | AT37: Not sure | AU37: Not covered | AV37: Not sure | AW37: Not sure | AX37: Not sure | AY37: Not sure | AZ37: Not sure | BA37: Radio or television | BB37: Tv | BC37: =--ISNUMBER(SEARCH("Radio or television",BA37)) -> 1 | BD37: =--ISNUMBER(SEARCH("Newspapers or print media",BA37)) -> 0 | BE37: =--ISNUMBER(SEARCH("Social media (e.g. Facebook, WhatsApp, YouTube, X/Twitter)",BA37)) -> 0 | BF37: =--ISNUMBER(SEARCH("Family members",BA37)) -> 0 | BG37: =--ISNUMBER(SEARCH("Friends or fellow students",BA37)) -> 0 | BH37: =--ISNUMBER(SEARCH("School coursework or lectures",BA37)) -> 0 | BI37: =--ISNUMBER(SEARCH("NHIMA outreach activities or NHIMA offices",BA37)) -> 0 | BJ37: =--ISNUMBER(SEARCH("Health facility staff",BA37)) -> 0 | BK37: =--ISNUMBER(SEARCH("not received information",BA37)) -> 0 | BL37: =IF(T37="","",--(T37='Codebook'!$F$13)) -> 1 | BM37: =IF(U37="","",--(U37='Codebook'!$F$14)) -> 0 | BN37: =IF(V37="","",--(V37='Codebook'!$F$15)) -> 0 | BO37: =IF(W37="","",--(W37='Codebook'!$F$16)) -> 1 | BP37: =IF(X37="","",--(X37='Codebook'!$F$17)) -> 1 | BQ37: =IF(Y37="","",--(Y37='Codebook'!$F$18)) -> 0 | BR37: =IF(Z37="","",--(Z37='Codebook'!$F$19)) -> 1 | BS37: =IF(AA37="","",--(AA37='Codebook'!$F$20)) -> 1 | BT37: =IF(AB37="","",--(AB37='Codebook'!$F$21)) -> 0 | BU37: =IF(AC37="","",--(AC37='Codebook'!$F$22)) -> 1 | BV37: =IF(AD37="","",--(AD37='Codebook'!$F$23)) -> 1 | BW37: =IF(AE37="","",--(AE37='Codebook'!$F$24)) -> 1 | BX37: =IF(AF37="","",--(AF37='Codebook'!$F$25)) -> 0 | BY37: =IF(AG37="","",--(AG37='Codebook'!$F$26)) -> 0 | BZ37: =IF(AH37="","",--(AH37='Codebook'!$F$27)) -> 0 | CA37: =IF(AI37="","",--(AI37='Codebook'!$F$28)) -> 0 | CB37: =IF(AJ37="","",--(AJ37='Codebook'!$F$29)) -> 0 | CC37: =IF(AK37="","",--(AK37='Codebook'!$F$30)) -> 1 | CD37: =IF(AL37="","",--(AL37='Codebook'!$F$31)) -> 1 | CE37: =IF(AM37="","",--(AM37='Codebook'!$F$32)) -> 1 | CF37: =IF(AN37="","",--(AN37='Codebook'!$F$33)) -> 1 | CG37: =IF(AO37="","",--(AO37='Codebook'!$F$34)) -> 0 | CH37: =IF(AP37="","",--(AP37='Codebook'!$F$35)) -> 0 | CI37: =IF(AQ37="","",--(AQ37='Codebook'!$F$36)) -> 1 | CJ37: =IF(AR37="","",--(AR37='Codebook'!$F$37)) -> 0 | CK37: =IF(AS37="","",--(AS37='Codebook'!$F$38)) -> 0 | CL37: =IF(AT37="","",--(AT37='Codebook'!$F$39)) -> 0 | CM37: =IF(AU37="","",--(AU37='Codebook'!$F$40)) -> 1 | CN37: =IF(AV37="","",--(AV37='Codebook'!$F$41)) -> 0 | CO37: =IF(AW37="","",--(AW37='Codebook'!$F$42)) -> 0 | CP37: =IF(AX37="","",--(AX37='Codebook'!$F$43)) -> 0 | CQ37: =IF(AY37="","",--(AY37='Codebook'!$F$44)) -> 0 | CR37: =IF(AZ37="","",--(AZ37='Codebook'!$F$45)) -> 0
B38: 33 | C38: 46276.404 | D38: 23 | E38: Male | F38: 4th year | G38: Public Health | H38: Yes | I38: =SUM(BL38:BU38) -> 8 | J38: =IF(COUNT(BV38:CD38)=9,SUM(BV38:CD38),"") -> 6 | K38: =SUM(BL38:CD38) -> 14 | L38: =--(K38>='Codebook'!$C$8) -> 1 | M38: =--(COUNT(BL38:CD38)=19) -> 1 | N38: =SUM(CE38:CL38) -> 7 | O38: =SUM(CM38:CR38) -> 6 | P38: =N38+O38 -> 13 | Q38: Not sure | R38: Coursework / lectures | S38: =--OR(Overview!$B$6="All",E38=Overview!$B$6)*--OR(Overview!$F$6="All",F38=Overview!$F$6)*--OR(Overview!$J$6="All",G38=Overview!$J$6)*--OR(Overview!$N$6="All",H38=Overview!$N$6) -> 1 | T38: True | U38: True | V38: True | W38: True | X38: True | Y38: False | Z38: True | AA38: True | AB38: False | AC38: True | AD38: True | AE38: True | AF38: False | AG38: False | AH38: Not sure | AI38: False | AJ38: True | AK38: True | AL38: False | AM38: Covered | AN38: Covered | AO38: Covered | AP38: Covered | AQ38: Not covered | AR38: Covered | AS38: Covered | AT38: Covered | AU38: Not covered | AV38: Not covered | AW38: Not covered | AX38: Not covered | AY38: Not covered | AZ38: Not covered | BA38: School coursework or lectures | BB38: Schools | BC38: =--ISNUMBER(SEARCH("Radio or television",BA38)) -> 0 | BD38: =--ISNUMBER(SEARCH("Newspapers or print media",BA38)) -> 0 | BE38: =--ISNUMBER(SEARCH("Social media (e.g. Facebook, WhatsApp, YouTube, X/Twitter)",BA38)) -> 0 | BF38: =--ISNUMBER(SEARCH("Family members",BA38)) -> 0 | BG38: =--ISNUMBER(SEARCH("Friends or fellow students",BA38)) -> 0 | BH38: =--ISNUMBER(SEARCH("School coursework or lectures",BA38)) -> 1 | BI38: =--ISNUMBER(SEARCH("NHIMA outreach activities or NHIMA offices",BA38)) -> 0 | BJ38: =--ISNUMBER(SEARCH("Health facility staff",BA38)) -> 0 | BK38: =--ISNUMBER(SEARCH("not received information",BA38)) -> 0 | BL38: =IF(T38="","",--(T38='Codebook'!$F$13)) -> 1 | BM38: =IF(U38="","",--(U38='Codebook'!$F$14)) -> 0 | BN38: =IF(V38="","",--(V38='Codebook'!$F$15)) -> 0 | BO38: =IF(W38="","",--(W38='Codebook'!$F$16)) -> 1 | BP38: =IF(X38="","",--(X38='Codebook'!$F$17)) -> 1 | BQ38: =IF(Y38="","",--(Y38='Codebook'!$F$18)) -> 1 | BR38: =IF(Z38="","",--(Z38='Codebook'!$F$19)) -> 1 | BS38: =IF(AA38="","",--(AA38='Codebook'!$F$20)) -> 1 | BT38: =IF(AB38="","",--(AB38='Codebook'!$F$21)) -> 1 | BU38: =IF(AC38="","",--(AC38='Codebook'!$F$22)) -> 1 | BV38: =IF(AD38="","",--(AD38='Codebook'!$F$23)) -> 1 | BW38: =IF(AE38="","",--(AE38='Codebook'!$F$24)) -> 1 | BX38: =IF(AF38="","",--(AF38='Codebook'!$F$25)) -> 1 | BY38: =IF(AG38="","",--(AG38='Codebook'!$F$26)) -> 0 | BZ38: =IF(AH38="","",--(AH38='Codebook'!$F$27)) -> 0 | CA38: =IF(AI38="","",--(AI38='Codebook'!$F$28)) -> 1 | CB38: =IF(AJ38="","",--(AJ38='Codebook'!$F$29)) -> 0 | CC38: =IF(AK38="","",--(AK38='Codebook'!$F$30)) -> 1 | CD38: =IF(AL38="","",--(AL38='Codebook'!$F$31)) -> 1 | CE38: =IF(AM38="","",--(AM38='Codebook'!$F$32)) -> 1 | CF38: =IF(AN38="","",--(AN38='Codebook'!$F$33)) -> 1 | CG38: =IF(AO38="","",--(AO38='Codebook'!$F$34)) -> 1 | CH38: =IF(AP38="","",--(AP38='Codebook'!$F$35)) -> 1 | CI38: =IF(AQ38="","",--(AQ38='Codebook'!$F$36)) -> 0 | CJ38: =IF(AR38="","",--(AR38='Codebook'!$F$37)) -> 1 | CK38: =IF(AS38="","",--(AS38='Codebook'!$F$38)) -> 1 | CL38: =IF(AT38="","",--(AT38='Codebook'!$F$39)) -> 1 | CM38: =IF(AU38="","",--(AU38='Codebook'!$F$40)) -> 1 | CN38: =IF(AV38="","",--(AV38='Codebook'!$F$41)) -> 1 | CO38: =IF(AW38="","",--(AW38='Codebook'!$F$42)) -> 1 | CP38: =IF(AX38="","",--(AX38='Codebook'!$F$43)) -> 1 | CQ38: =IF(AY38="","",--(AY38='Codebook'!$F$44)) -> 1 | CR38: =IF(AZ38="","",--(AZ38='Codebook'!$F$45)) -> 1
... B40: 35 | C40: 46276.594 | D40: 24 | E40: Male | F40: 3rd year | G40: Pharmacy | H40: No | I40: =SUM(BL40:BU40) -> 9 | J40: =IF(COUNT(BV40:CD40)=9,SUM(BV40:CD40),"") -> 5 | K40: =SUM(BL40:CD40) -> 14 | L40: =--(K40>='Codebook'!$C$8) -> 1 | M40: =--(COUNT(BL40:CD40)=19) -> 1 | N40: =SUM(CE40:CL40) -> 7 | O40: =SUM(CM40:CR40) -> 6 | P40: =N40+O40 -> 13 | Q40: Yes | R40: Family | S40: =--OR(Overview!$B$6="All",E40=Overview!$B$6)*--OR(Overview!$F$6="All",F40=Overview!$F$6)*--OR(Overview!$J$6="All",G40=Overview!$J$6)*--OR(Overview!$N$6="All",H40=Overview!$N$6) -> 1 | T40: True | U40: Not sure | V40: False | W40: True | X40: True | Y40: False | Z40: True | AA40: True | AB40: False | AC40: True | AD40: True | AE40: Not sure | AF40: False | AG40: Not sure | AH40: True | AI40: False | AJ40: True | AK40: Not sure | AL40: False | AM40: Covered | AN40: Covered | AO40: Covered | AP40: Covered | AQ40: Covered | AR40: Covered | AS40: Covered | AT40: Not sure | AU40: Not covered | AV40: Not covered | AW40: Not covered | AX40: Not covered | AY40: Not covered | AZ40: Not covered | BA40: Social media (e.g. Facebook, WhatsApp, YouTube, X/Twitter), Family members, Friends or fellow students, School coursework or lectures, Health facility staff | BB40: Family members | BC40: =--ISNUMBER(SEARCH("Radio or television",BA40)) -> 0 | BD40: =--ISNUMBER(SEARCH("Newspapers or print media",BA40)) -> 0 | BE40: =--ISNUMBER(SEARCH("Social media (e.g. Facebook, WhatsApp, YouTube, X/Twitter)",BA40)) -> 1 | BF40: =--ISNUMBER(SEARCH("Family members",BA40)) -> 1 | BG40: =--ISNUMBER(SEARCH("Friends or fellow students",BA40)) -> 1 | BH40: =--ISNUMBER(SEARCH("School coursework or lectures",BA40)) -> 1 | BI40: =--ISNUMBER(SEARCH("NHIMA outreach activities or NHIMA offices",BA40)) -> 0 | BJ40: =--ISNUMBER(SEARCH("Health facility staff",BA40)) -> 1 | BK40: =--ISNUMBER(SEARCH("not received information",BA40)) -> 0 | BL40: =IF(T40="","",--(T40='Codebook'!$F$13)) -> 1 | BM40: =IF(U40="","",--(U40='Codebook'!$F$14)) -> 0 | BN40: =IF(V40="","",--(V40='Codebook'!$F$15)) -> 1 | BO40: =IF(W40="","",--(W40='Codebook'!$F$16)) -> 1 | BP40: =IF(X40="","",--(X40='Codebook'!$F$17)) -> 1 | BQ40: =IF(Y40="","",--(Y40='Codebook'!$F$18)) -> 1 | BR40: =IF(Z40="","",--(Z40='Codebook'!$F$19)) -> 1 | BS40: =IF(AA40="","",--(AA40='Codebook'!$F$20)) -> 1 | BT40: =IF(AB40="","",--(AB40='Codebook'!$F$21)) -> 1 | BU40: =IF(AC40="","",--(AC40='Codebook'!$F$22)) -> 1 | BV40: =IF(AD40="","",--(AD40='Codebook'!$F$23)) -> 1 | BW40: =IF(AE40="","",--(AE40='Codebook'!$F$24)) -> 0 | BX40: =IF(AF40="","",--(AF40='Codebook'!$F$25)) -> 1 | BY40: =IF(AG40="","",--(AG40='Codebook'!$F$26)) -> 0 | BZ40: =IF(AH40="","",--(AH40='Codebook'!$F$27)) -> 1 | CA40: =IF(AI40="","",--(AI40='Codebook'!$F$28)) -> 1 | CB40: =IF(AJ40="","",--(AJ40='Codebook'!$F$29)) -> 0 | CC40: =IF(AK40="","",--(AK40='Codebook'!$F$30)) -> 0 | CD40: =IF(AL40="","",--(AL40='Codebook'!$F$31)) -> 1 | CE40: =IF(AM40="","",--(AM40='Codebook'!$F$32)) -> 1 | CF40: =IF(AN40="","",--(AN40='Codebook'!$F$33)) -> 1 | CG40: =IF(AO40="","",--(AO40='Codebook'!$F$34)) -> 1 | CH40: =IF(AP40="","",--(AP40='Codebook'!$F$35)) -> 1 | CI40: =IF(AQ40="","",--(AQ40='Codebook'!$F$36)) -> 1 | CJ40: =IF(AR40="","",--(AR40='Codebook'!$F$37)) -> 1 | CK40: =IF(AS40="","",--(AS40='Codebook'!$F$38)) -> 1 | CL40: =IF(AT40="","",--(AT40='Codebook'!$F$39)) -> 0 | CM40: =IF(AU40="","",--(AU40='Codebook'!$F$40)) -> 1 | CN40: =IF(AV40="","",--(AV40='Codebook'!$F$41)) -> 1 | CO40: =IF(AW40="","",--(AW40='Codebook'!$F$42)) -> 1 | CP40: =IF(AX40="","",--(AX40='Codebook'!$F$43)) -> 1 | CQ40: =IF(AY40="","",--(AY40='Codebook'!$F$44)) -> 1 | CR40: =IF(AZ40="","",--(AZ40='Codebook'!$F$45)) -> 1
B41: 36 | C41: 46276.614 | D41: 23 | E41: Female | F41: 3rd year | G41: Nursing Sciences | H41: No | I41: =SUM(BL41:BU41) -> 1 | J41: =IF(COUNT(BV41:CD41)=9,SUM(BV41:CD41),"") -> 4 | K41: =SUM(BL41:CD41) -> 5 | L41: =--(K41>='Codebook'!$C$8) -> 0 | M41: =--(COUNT(BL41:CD41)=19) -> 1 | N41: =SUM(CE41:CL41) -> 0 | O41: =SUM(CM41:CR41) -> 0 | P41: =N41+O41 -> 0 | Q41: Yes | R41: Missing | S41: =--OR(Overview!$B$6="All",E41=Overview!$B$6)*--OR(Overview!$F$6="All",F41=Overview!$F$6)*--OR(Overview!$J$6="All",G41=Overview!$J$6)*--OR(Overview!$N$6="All",H41=Overview!$N$6) -> 1 | T41: True | U41: Not sure | V41: Not sure | W41: Not sure | X41: Not sure | Y41: Not sure | Z41: Not sure | AA41: Not sure | AB41: Not sure | AC41: Not sure | AD41: True | AE41: True | AF41: True | AG41: True | AH41: True | AI41: True | AJ41: True | AK41: Not sure | AL41: Not sure | AM41: Not sure | AN41: Not sure | AO41: Not sure | AP41: Not sure | AQ41: Not sure | AR41: Not sure | AS41: Not sure | AT41: Not sure | AU41: Not sure | AV41: Not sure | AW41: Not sure | AX41: Not sure | AY41: Not sure | AZ41: Not sure | BA41: Social media (e.g. Facebook, WhatsApp, YouTube, X/Twitter) | BC41: =--ISNUMBER(SEARCH("Radio or television",BA41)) -> 0 | BD41: =--ISNUMBER(SEARCH("Newspapers or print media",BA41)) -> 0 | BE41: =--ISNUMBER(SEARCH("Social media (e.g. Facebook, WhatsApp, YouTube, X/Twitter)",BA41)) -> 1 | BF41: =--ISNUMBER(SEARCH("Family members",BA41)) -> 0 | BG41: =--ISNUMBER(SEARCH("Friends or fellow students",BA41)) -> 0 | BH41: =--ISNUMBER(SEARCH("School coursework or lectures",BA41)) -> 0 | BI41: =--ISNUMBER(SEARCH("NHIMA outreach activities or NHIMA offices",BA41)) -> 0 | BJ41: =--ISNUMBER(SEARCH("Health facility staff",BA41)) -> 0 | BK41: =--ISNUMBER(SEARCH("not received information",BA41)) -> 0 | BL41: =IF(T41="","",--(T41='Codebook'!$F$13)) -> 1 | BM41: =IF(U41="","",--(U41='Codebook'!$F$14)) -> 0 | BN41: =IF(V41="","",--(V41='Codebook'!$F$15)) -> 0 | BO41: =IF(W41="","",--(W41='Codebook'!$F$16)) -> 0 | BP41: =IF(X41="","",--(X41='Codebook'!$F$17)) -> 0 | BQ41: =IF(Y41="","",--(Y41='Codebook'!$F$18)) -> 0 | BR41: =IF(Z41="","",--(Z41='Codebook'!$F$19)) -> 0 | BS41: =IF(AA41="","",--(AA41='Codebook'!$F$20)) -> 0 | BT41: =IF(AB41="","",--(AB41='Codebook'!$F$21)) -> 0 | BU41: =IF(AC41="","",--(AC41='Codebook'!$F$22)) -> 0 | BV41: =IF(AD41="","",--(AD41='Codebook'!$F$23)) -> 1 | BW41: =IF(AE41="","",--(AE41='Codebook'!$F$24)) -> 1 | BX41: =IF(AF41="","",--(AF41='Codebook'!$F$25)) -> 0 | BY41: =IF(AG41="","",--(AG41='Codebook'!$F$26)) -> 1 | BZ41: =IF(AH41="","",--(AH41='Codebook'!$F$27)) -> 1 | CA41: =IF(AI41="","",--(AI41='Codebook'!$F$28)) -> 0 | CB41: =IF(AJ41="","",--(AJ41='Codebook'!$F$29)) -> 0 | CC41: =IF(AK41="","",--(AK41='Codebook'!$F$30)) -> 0 | CD41: =IF(AL41="","",--(AL41='Codebook'!$F$31)) -> 0 | CE41: =IF(AM41="","",--(AM41='Codebook'!$F$32)) -> 0 | CF41: =IF(AN41="","",--(AN41='Codebook'!$F$33)) -> 0 | CG41: =IF(AO41="","",--(AO41='Codebook'!$F$34)) -> 0 | CH41: =IF(AP41="","",--(AP41='Codebook'!$F$35)) -> 0 | CI41: =IF(AQ41="","",--(AQ41='Codebook'!$F$36)) -> 0 | CJ41: =IF(AR41="","",--(AR41='Codebook'!$F$37)) -> 0 | CK41: =IF(AS41="","",--(AS41='Codebook'!$F$38)) -> 0 | CL41: =IF(AT41="","",--(AT41='Codebook'!$F$39)) -> 0 | CM41: =IF(AU41="","",--(AU41='Codebook'!$F$40)) -> 0 | CN41: =IF(AV41="","",--(AV41='Codebook'!$F$41)) -> 0 | CO41: =IF(AW41="","",--(AW41='Codebook'!$F$42)) -> 0 | CP41: =IF(AX41="","",--(AX41='Codebook'!$F$43)) -> 0 | CQ41: =IF(AY41="","",--(AY41='Codebook'!$F$44)) -> 0 | CR41: =IF(AZ41="","",--(AZ41='Codebook'!$F$45)) -> 0
B42: 37 | C42: 46276.682 | D42: 23 | E42: Male | F42: 4th year | G42: Public Health | H42: No | I42: =SUM(BL42:BU42) -> 6 | J42: =IF(COUNT(BV42:CD42)=9,SUM(BV42:CD42),"") -> 7 | K42: =SUM(BL42:CD42) -> 13 | L42: =--(K42>='Codebook'!$C$8) -> 1 | M42: =--(COUNT(BL42:CD42)=19) -> 1 | N42: =SUM(CE42:CL42) -> 8 | O42: =SUM(CM42:CR42) -> 6 | P42: =N42+O42 -> 14 | Q42: Yes | R42: Coursework / lectures | S42: =--OR(Overview!$B$6="All",E42=Overview!$B$6)*--OR(Overview!$F$6="All",F42=Overview!$F$6)*--OR(Overview!$J$6="All",G42=Overview!$J$6)*--OR(Overview!$N$6="All",H42=Overview!$N$6) -> 1 | T42: True | U42: True | V42: True | W42: True | X42: True | Y42: True | Z42: True | AA42: True | AB42: True | AC42: True | AD42: True | AE42: True | AF42: False | AG42: Not sure | AH42: True | AI42: False | AJ42: True | AK42: True | AL42: False | AM42: Covered | AN42: Covered | AO42: Covered | AP42: Covered | AQ42: Covered | AR42: Covered | AS42: Covered | AT42: Covered | AU42: Not covered | AV42: Not covered | AW42: Not covered | AX42: Not covered | AY42: Not covered | AZ42: Not covered | BA42: Radio or television, School coursework or lectures, Schools | BB42: Schools | BC42: =--ISNUMBER(SEARCH("Radio or television",BA42)) -> 1 | BD42: =--ISNUMBER(SEARCH("Newspapers or print media",BA42)) -> 0 | BE42: =--ISNUMBER(SEARCH("Social media (e.g. Facebook, WhatsApp, YouTube, X/Twitter)",BA42)) -> 0 | BF42: =--ISNUMBER(SEARCH("Family members",BA42)) -> 0 | BG42: =--ISNUMBER(SEARCH("Friends or fellow students",BA42)) -> 0 | BH42: =--ISNUMBER(SEARCH("School coursework or lectures",BA42)) -> 1 | BI42: =--ISNUMBER(SEARCH("NHIMA outreach activities or NHIMA offices",BA42)) -> 0 | BJ42: =--ISNUMBER(SEARCH("Health facility staff",BA42)) -> 0 | BK42: =--ISNUMBER(SEARCH("not received information",BA42)) -> 0 | BL42: =IF(T42="","",--(T42='Codebook'!$F$13)) -> 1 | BM42: =IF(U42="","",--(U42='Codebook'!$F$14)) -> 0 | BN42: =IF(V42="","",--(V42='Codebook'!$F$15)) -> 0 | BO42: =IF(W42="","",--(W42='Codebook'!$F$16)) -> 1 | BP42: =IF(X42="","",--(X42='Codebook'!$F$17)) -> 1 | BQ42: =IF(Y42="","",--(Y42='Codebook'!$F$18)) -> 0 | BR42: =IF(Z42="","",--(Z42='Codebook'!$F$19)) -> 1 | BS42: =IF(AA42="","",--(AA42='Codebook'!$F$20)) -> 1 | BT42: =IF(AB42="","",--(AB42='Codebook'!$F$21)) -> 0 | BU42: =IF(AC42="","",--(AC42='Codebook'!$F$22)) -> 1 | BV42: =IF(AD42="","",--(AD42='Codebook'!$F$23)) -> 1 | BW42: =IF(AE42="","",--(AE42='Codebook'!$F$24)) -> 1 | BX42: =IF(AF42="","",--(AF42='Codebook'!$F$25)) -> 1 | BY42: =IF(AG42="","",--(AG42='Codebook'!$F$26)) -> 0 | BZ42: =IF(AH42="","",--(AH42='Codebook'!$F$27)) -> 1 | CA42: =IF(AI42="","",--(AI42='Codebook'!$F$28)) -> 1 | CB42: =IF(AJ42="","",--(AJ42='Codebook'!$F$29)) -> 0 | CC42: =IF(AK42="","",--(AK42='Codebook'!$F$30)) -> 1 | CD42: =IF(AL42="","",--(AL42='Codebook'!$F$31)) -> 1 | CE42: =IF(AM42="","",--(AM42='Codebook'!$F$32)) -> 1 | CF42: =IF(AN42="","",--(AN42='Codebook'!$F$33)) -> 1 | CG42: =IF(AO42="","",--(AO42='Codebook'!$F$34)) -> 1 | CH42: =IF(AP42="","",--(AP42='Codebook'!$F$35)) -> 1 | CI42: =IF(AQ42="","",--(AQ42='Codebook'!$F$36)) -> 1 | CJ42: =IF(AR42="","",--(AR42='Codebook'!$F$37)) -> 1 | CK42: =IF(AS42="","",--(AS42='Codebook'!$F$38)) -> 1 | CL42: =IF(AT42="","",--(AT42='Codebook'!$F$39)) -> 1 | CM42: =IF(AU42="","",--(AU42='Codebook'!$F$40)) -> 1 | CN42: =IF(AV42="","",--(AV42='Codebook'!$F$41)) -> 1 | CO42: =IF(AW42="","",--(AW42='Codebook'!$F$42)) -> 1 | CP42: =IF(AX42="","",--(AX42='Codebook'!$F$43)) -> 1 | CQ42: =IF(AY42="","",--(AY42='Codebook'!$F$44)) -> 1 | CR42: =IF(AZ42="","",--(AZ42='Codebook'!$F$45)) -> 1
B43: 38 | C43: 46276.761 | D43: 23 | E43: Female | F43: 3rd year | G43: Nursing Sciences | H43: No | I43: =SUM(BL43:BU43) -> 6 | J43: =IF(COUNT(BV43:CD43)=9,SUM(BV43:CD43),"") -> 7 | K43: =SUM(BL43:CD43) -> 13 | L43: =--(K43>='Codebook'!$C$8) -> 1 | M43: =--(COUNT(BL43:CD43)=19) -> 1 | N43: =SUM(CE43:CL43) -> 5 | O43: =SUM(CM43:CR43) -> 2 | P43: =N43+O43 -> 7 | Q43: Not sure | R43: Family | S43: =--OR(Overview!$B$6="All",E43=Overview!$B$6)*--OR(Overview!$F$6="All",F43=Overview!$F$6)*--OR(Overview!$J$6="All",G43=Overview!$J$6)*--OR(Overview!$N$6="All",H43=Overview!$N$6) -> 1 | T43: True | U43: True | V43: True | W43: True | X43: True | Y43: True | Z43: True | AA43: True | AB43: True | AC43: True | AD43: True | AE43: True | AF43: True | AG43: True | AH43: True | AI43: False | AJ43: False | AK43: False | AL43: False | AM43: Not covered | AN43: Covered | AO43: Covered | AP43: Covered | AQ43: Covered | AR43: Covered | AS43: Not sure | AT43: Not sure | AU43: Not covered | AV43: Not covered | AW43: Not sure | AX43: Not sure | AY43: Not sure | AZ43: Not sure | BA43: Radio or television, Social media (e.g. Facebook, WhatsApp, YouTube, X/Twitter), Family members | BB43: Family | BC43: =--ISNUMBER(SEARCH("Radio or television",BA43)) -> 1 | BD43: =--ISNUMBER(SEARCH("Newspapers or print media",BA43)) -> 0 | BE43: =--ISNUMBER(SEARCH("Social media (e.g. Facebook, WhatsApp, YouTube, X/Twitter)",BA43)) -> 1 | BF43: =--ISNUMBER(SEARCH("Family members",BA43)) -> 1 | BG43: =--ISNUMBER(SEARCH("Friends or fellow students",BA43)) -> 0 | BH43: =--ISNUMBER(SEARCH("School coursework or lectures",BA43)) -> 0 | BI43: =--ISNUMBER(SEARCH("NHIMA outreach activities or NHIMA offices",BA43)) -> 0 | BJ43: =--ISNUMBER(SEARCH("Health facility staff",BA43)) -> 0 | BK43: =--ISNUMBER(SEARCH("not received information",BA43)) -> 0 | BL43: =IF(T43="","",--(T43='Codebook'!$F$13)) -> 1 | BM43: =IF(U43="","",--(U43='Codebook'!$F$14)) -> 0 | BN43: =IF(V43="","",--(V43='Codebook'!$F$15)) -> 0 | BO43: =IF(W43="","",--(W43='Codebook'!$F$16)) -> 1 | BP43: =IF(X43="","",--(X43='Codebook'!$F$17)) -> 1 | BQ43: =IF(Y43="","",--(Y43='Codebook'!$F$18)) -> 0 | BR43: =IF(Z43="","",--(Z43='Codebook'!$F$19)) -> 1 | BS43: =IF(AA43="","",--(AA43='Codebook'!$F$20)) -> 1 | BT43: =IF(AB43="","",--(AB43='Codebook'!$F$21)) -> 0 | BU43: =IF(AC43="","",--(AC43='Codebook'!$F$22)) -> 1 | BV43: =IF(AD43="","",--(AD43='Codebook'!$F$23)) -> 1 | BW43: =IF(AE43="","",--(AE43='Codebook'!$F$24)) -> 1 | BX43: =IF(AF43="","",--(AF43='Codebook'!$F$25)) -> 0 | BY43: =IF(AG43="","",--(AG43='Codebook'!$F$26)) -> 1 | BZ43: =IF(AH43="","",--(AH43='Codebook'!$F$27)) -> 1 | CA43: =IF(AI43="","",--(AI43='Codebook'!$F$28)) -> 1 | CB43: =IF(AJ43="","",--(AJ43='Codebook'!$F$29)) -> 1 | CC43: =IF(AK43="","",--(AK43='Codebook'!$F$30)) -> 0 | CD43: =IF(AL43="","",--(AL43='Codebook'!$F$31)) -> 1 | CE43: =IF(AM43="","",--(AM43='Codebook'!$F$32)) -> 0 | CF43: =IF(AN43="","",--(AN43='Codebook'!$F$33)) -> 1 | CG43: =IF(AO43="","",--(AO43='Codebook'!$F$34)) -> 1 | CH43: =IF(AP43="","",--(AP43='Codebook'!$F$35)) -> 1 | CI43: =IF(AQ43="","",--(AQ43='Codebook'!$F$36)) -> 1 | CJ43: =IF(AR43="","",--(AR43='Codebook'!$F$37)) -> 1 | CK43: =IF(AS43="","",--(AS43='Codebook'!$F$38)) -> 0 | CL43: =IF(AT43="","",--(AT43='Codebook'!$F$39)) -> 0 | CM43: =IF(AU43="","",--(AU43='Codebook'!$F$40)) -> 1 | CN43: =IF(AV43="","",--(AV43='Codebook'!$F$41)) -> 1 | CO43: =IF(AW43="","",--(AW43='Codebook'!$F$42)) -> 0 | CP43: =IF(AX43="","",--(AX43='Codebook'!$F$43)) -> 0 | CQ43: =IF(AY43="","",--(AY43='Codebook'!$F$44)) -> 0 | CR43: =IF(AZ43="","",--(AZ43='Codebook'!$F$45)) -> 0
B44: 39 | C44: 46277.509 | D44: 23 | E44: Female | F44: 4th year | G44: Nursing Sciences | H44: No | I44: =SUM(BL44:BU44) -> 6 | J44: =IF(COUNT(BV44:CD44)=9,SUM(BV44:CD44),"") -> 1 | K44: =SUM(BL44:CD44) -> 7 | L44: =--(K44>='Codebook'!$C$8) -> 0 | M44: =--(COUNT(BL44:CD44)=19) -> 1 | N44: =SUM(CE44:CL44) -> 7 | O44: =SUM(CM44:CR44) -> 0 | P44: =N44+O44 -> 7 | Q44: Not sure | R44: Social media | S44: =--OR(Overview!$B$6="All",E44=Overview!$B$6)*--OR(Overview!$F$6="All",F44=Overview!$F$6)*--OR(Overview!$J$6="All",G44=Overview!$J$6)*--OR(Overview!$N$6="All",H44=Overview!$N$6) -> 1 | T44: True | U44: True | V44: True | W44: True | X44: True | Y44: True | Z44: True | AA44: True | AB44: True | AC44: True | AD44: Not sure | AE44: Not sure | AF44: Not sure | AG44: Not sure | AH44: Not sure | AI44: Not sure | AJ44: Not sure | AK44: Not sure | AL44: False | AM44: Covered | AN44: Covered | AO44: Covered | AP44: Covered | AQ44: Covered | AR44: Covered | AS44: Not sure | AT44: Covered | AU44: Not sure | AV44: Not sure | AW44: Not sure | AX44: Not sure | AY44: Not sure | AZ44: Not sure | BA44: Radio or television, Social media (e.g. Facebook, WhatsApp, YouTube, X/Twitter), Health facility staff | BB44: Social media | BC44: =--ISNUMBER(SEARCH("Radio or television",BA44)) -> 1 | BD44: =--ISNUMBER(SEARCH("Newspapers or print media",BA44)) -> 0 | BE44: =--ISNUMBER(SEARCH("Social media (e.g. Facebook, WhatsApp, YouTube, X/Twitter)",BA44)) -> 1 | BF44: =--ISNUMBER(SEARCH("Family members",BA44)) -> 0 | BG44: =--ISNUMBER(SEARCH("Friends or fellow students",BA44)) -> 0 | BH44: =--ISNUMBER(SEARCH("School coursework or lectures",BA44)) -> 0 | BI44: =--ISNUMBER(SEARCH("NHIMA outreach activities or NHIMA offices",BA44)) -> 0 | BJ44: =--ISNUMBER(SEARCH("Health facility staff",BA44)) -> 1 | BK44: =--ISNUMBER(SEARCH("not received information",BA44)) -> 0 | BL44: =IF(T44="","",--(T44='Codebook'!$F$13)) -> 1 | BM44: =IF(U44="","",--(U44='Codebook'!$F$14)) -> 0 | BN44: =IF(V44="","",--(V44='Codebook'!$F$15)) -> 0 | BO44: =IF(W44="","",--(W44='Codebook'!$F$16)) -> 1 | BP44: =IF(X44="","",--(X44='Codebook'!$F$17)) -> 1 | BQ44: =IF(Y44="","",--(Y44='Codebook'!$F$18)) -> 0 | BR44: =IF(Z44="","",--(Z44='Codebook'!$F$19)) -> 1 | BS44: =IF(AA44="","",--(AA44='Codebook'!$F$20)) -> 1 | BT44: =IF(AB44="","",--(AB44='Codebook'!$F$21)) -> 0 | BU44: =IF(AC44="","",--(AC44='Codebook'!$F$22)) -> 1 | BV44: =IF(AD44="","",--(AD44='Codebook'!$F$23)) -> 0 | BW44: =IF(AE44="","",--(AE44='Codebook'!$F$24)) -> 0 | BX44: =IF(AF44="","",--(AF44='Codebook'!$F$25)) -> 0 | BY44: =IF(AG44="","",--(AG44='Codebook'!$F$26)) -> 0 | BZ44: =IF(AH44="","",--(AH44='Codebook'!$F$27)) -> 0 | CA44: =IF(AI44="","",--(AI44='Codebook'!$F$28)) -> 0 | CB44: =IF(AJ44="","",--(AJ44='Codebook'!$F$29)) -> 0 | CC44: =IF(AK44="","",--(AK44='Codebook'!$F$30)) -> 0 | CD44: =IF(AL44="","",--(AL44='Codebook'!$F$31)) -> 1 | CE44: =IF(AM44="","",--(AM44='Codebook'!$F$32)) -> 1 | CF44: =IF(AN44="","",--(AN44='Codebook'!$F$33)) -> 1 | CG44: =IF(AO44="","",--(AO44='Codebook'!$F$34)) -> 1 | CH44: =IF(AP44="","",--(AP44='Codebook'!$F$35)) -> 1 | CI44: =IF(AQ44="","",--(AQ44='Codebook'!$F$36)) -> 1 | CJ44: =IF(AR44="","",--(AR44='Codebook'!$F$37)) -> 1 | CK44: =IF(AS44="","",--(AS44='Codebook'!$F$38)) -> 0 | CL44: =IF(AT44="","",--(AT44='Codebook'!$F$39)) -> 1 | CM44: =IF(AU44="","",--(AU44='Codebook'!$F$40)) -> 0 | CN44: =IF(AV44="","",--(AV44='Codebook'!$F$41)) -> 0 | CO44: =IF(AW44="","",--(AW44='Codebook'!$F$42)) -> 0 | CP44: =IF(AX44="","",--(AX44='Codebook'!$F$43)) -> 0 | CQ44: =IF(AY44="","",--(AY44='Codebook'!$F$44)) -> 0 | CR44: =IF(AZ44="","",--(AZ44='Codebook'!$F$45)) -> 0
B45: 40 | C45: 46277.754 | D45: 23 | E45: Male | F45: 2nd year | G45: Medicine | H45: Yes | I45: =SUM(BL45:BU45) -> 6 | J45: =IF(COUNT(BV45:CD45)=9,SUM(BV45:CD45),"") -> 4 | K45: =SUM(BL45:CD45) -> 10 | L45: =--(K45>='Codebook'!$C$8) -> 0 | M45: =--(COUNT(BL45:CD45)=19) -> 1 | N45: =SUM(CE45:CL45) -> 4 | O45: =SUM(CM45:CR45) -> 0 | P45: =N45+O45 -> 4 | Q45: Not sure | R45: Radio / TV | S45: =--OR(Overview!$B$6="All",E45=Overview!$B$6)*--OR(Overview!$F$6="All",F45=Overview!$F$6)*--OR(Overview!$J$6="All",G45=Overview!$J$6)*--OR(Overview!$N$6="All",H45=Overview!$N$6) -> 1 | T45: True | U45: True | V45: True | W45: True | X45: True | Y45: True | Z45: True | AA45: True | AB45: Not sure | AC45: True | AD45: True | AE45: True | AF45: True | AG45: True | AH45: Not sure | AI45: Not sure | AJ45: Not sure | AK45: Not sure | AL45: False | AM45: Covered | AN45: Not covered | AO45: Not sure | AP45: Covered | AQ45: Not sure | AR45: Covered | AS45: Not sure | AT45: Covered | AU45: Covered | AV45: Not sure | AW45: Covered | AX45: Not sure | AY45: Covered | AZ45: Not sure | BA45: Radio or television, Tv | BB45: Tv | BC45: =--ISNUMBER(SEARCH("Radio or television",BA45)) -> 1 | BD45: =--ISNUMBER(SEARCH("Newspapers or print media",BA45)) -> 0 | BE45: =--ISNUMBER(SEARCH("Social media (e.g. Facebook, WhatsApp, YouTube, X/Twitter)",BA45)) -> 0 | BF45: =--ISNUMBER(SEARCH("Family members",BA45)) -> 0 | BG45: =--ISNUMBER(SEARCH("Friends or fellow students",BA45)) -> 0 | BH45: =--ISNUMBER(SEARCH("School coursework or lectures",BA45)) -> 0 | BI45: =--ISNUMBER(SEARCH("NHIMA outreach activities or NHIMA offices",BA45)) -> 0 | BJ45: =--ISNUMBER(SEARCH("Health facility staff",BA45)) -> 0 | BK45: =--ISNUMBER(SEARCH("not received information",BA45)) -> 0 | BL45: =IF(T45="","",--(T45='Codebook'!$F$13)) -> 1 | BM45: =IF(U45="","",--(U45='Codebook'!$F$14)) -> 0 | BN45: =IF(V45="","",--(V45='Codebook'!$F$15)) -> 0 | BO45: =IF(W45="","",--(W45='Codebook'!$F$16)) -> 1 | BP45: =IF(X45="","",--(X45='Codebook'!$F$17)) -> 1 | BQ45: =IF(Y45="","",--(Y45='Codebook'!$F$18)) -> 0 | BR45: =IF(Z45="","",--(Z45='Codebook'!$F$19)) -> 1 | BS45: =IF(AA45="","",--(AA45='Codebook'!$F$20)) -> 1 | BT45: =IF(AB45="","",--(AB45='Codebook'!$F$21)) -> 0 | BU45: =IF(AC45="","",--(AC45='Codebook'!$F$22)) -> 1 | BV45: =IF(AD45="","",--(AD45='Codebook'!$F$23)) -> 1 | BW45: =IF(AE45="","",--(AE45='Codebook'!$F$24)) -> 1 | BX45: =IF(AF45="","",--(AF45='Codebook'!$F$25)) -> 0 | BY45: =IF(AG45="","",--(AG45='Codebook'!$F$26)) -> 1 | BZ45: =IF(AH45="","",--(AH45='Codebook'!$F$27)) -> 0 | CA45: =IF(AI45="","",--(AI45='Codebook'!$F$28)) -> 0 | CB45: =IF(AJ45="","",--(AJ45='Codebook'!$F$29)) -> 0 | CC45: =IF(AK45="","",--(AK45='Codebook'!$F$30)) -> 0 | CD45: =IF(AL45="","",--(AL45='Codebook'!$F$31)) -> 1 | CE45: =IF(AM45="","",--(AM45='Codebook'!$F$32)) -> 1 | CF45: =IF(AN45="","",--(AN45='Codebook'!$F$33)) -> 0 | CG45: =IF(AO45="","",--(AO45='Codebook'!$F$34)) -> 0 | CH45: =IF(AP45="","",--(AP45='Codebook'!$F$35)) -> 1 | CI45: =IF(AQ45="","",--(AQ45='Codebook'!$F$36)) -> 0 | CJ45: =IF(AR45="","",--(AR45='Codebook'!$F$37)) -> 1 | CK45: =IF(AS45="","",--(AS45='Codebook'!$F$38)) -> 0 | CL45: =IF(AT45="","",--(AT45='Codebook'!$F$39)) -> 1 | CM45: =IF(AU45="","",--(AU45='Codebook'!$F$40)) -> 0 | CN45: =IF(AV45="","",--(AV45='Codebook'!$F$41)) -> 0 | CO45: =IF(AW45="","",--(AW45='Codebook'!$F$42)) -> 0 | CP45: =IF(AX45="","",--(AX45='Codebook'!$F$43)) -> 0 | CQ45: =IF(AY45="","",--(AY45='Codebook'!$F$44)) -> 0 | CR45: =IF(AZ45="","",--(AZ45='Codebook'!$F$45)) -> 0
B46: 41 | C46: 46277.766 | D46: 24 years | E46: Male | F46: 5th year or above | G46: Public Health | H46: Yes | I46: =SUM(BL46:BU46) -> 6 | J46: =IF(COUNT(BV46:CD46)=9,SUM(BV46:CD46),"") -> 1 | K46: =SUM(BL46:CD46) -> 7 | L46: =--(K46>='Codebook'!$C$8) -> 0 | M46: =--(COUNT(BL46:CD46)=19) -> 1 | N46: =SUM(CE46:CL46) -> 1 | O46: =SUM(CM46:CR46) -> 0 | P46: =N46+O46 -> 1 | Q46: Yes | R46: No information | S46: =--OR(Overview!$B$6="All",E46=Overview!$B$6)*--OR(Overview!$F$6="All",F46=Overview!$F$6)*--OR(Overview!$J$6="All",G46=Overview!$J$6)*--OR(Overview!$N$6="All",H46=Overview!$N$6) -> 1 | T46: True | U46: Not sure | V46: False | W46: True | X46: True | Y46: Not sure | Z46: True | AA46: Not sure | AB46: Not sure | AC46: True | AD46: Not sure | AE46: Not sure | AF46: Not sure | AG46: Not sure | AH46: True | AI46: Not sure | AJ46: Not sure | AK46: Not sure | AL46: Not sure | AM46: Not sure | AN46: Not sure | AO46: Not sure | AP46: Covered | AQ46: Not sure | AR46: Not sure | AS46: Not sure | AT46: Not sure | AU46: Not sure | AV46: Not sure | AW46: Not sure | AX46: Not sure | AY46: Not sure | AZ46: Not sure | BA46: Radio or television, Social media (e.g. Facebook, WhatsApp, YouTube, X/Twitter), Family members | BB46: Non | BC46: =--ISNUMBER(SEARCH("Radio or television",BA46)) -> 1 | BD46: =--ISNUMBER(SEARCH("Newspapers or print media",BA46)) -> 0 | BE46: =--ISNUMBER(SEARCH("Social media (e.g. Facebook, WhatsApp, YouTube, X/Twitter)",BA46)) -> 1 | BF46: =--ISNUMBER(SEARCH("Family members",BA46)) -> 1 | BG46: =--ISNUMBER(SEARCH("Friends or fellow students",BA46)) -> 0 | BH46: =--ISNUMBER(SEARCH("School coursework or lectures",BA46)) -> 0 | BI46: =--ISNUMBER(SEARCH("NHIMA outreach activities or NHIMA offices",BA46)) -> 0 | BJ46: =--ISNUMBER(SEARCH("Health facility staff",BA46)) -> 0 | BK46: =--ISNUMBER(SEARCH("not received information",BA46)) -> 0 | BL46: =IF(T46="","",--(T46='Codebook'!$F$13)) -> 1 | BM46: =IF(U46="","",--(U46='Codebook'!$F$14)) -> 0 | BN46: =IF(V46="","",--(V46='Codebook'!$F$15)) -> 1 | BO46: =IF(W46="","",--(W46='Codebook'!$F$16)) -> 1 | BP46: =IF(X46="","",--(X46='Codebook'!$F$17)) -> 1 | BQ46: =IF(Y46="","",--(Y46='Codebook'!$F$18)) -> 0 | BR46: =IF(Z46="","",--(Z46='Codebook'!$F$19)) -> 1 | BS46: =IF(AA46="","",--(AA46='Codebook'!$F$20)) -> 0 | BT46: =IF(AB46="","",--(AB46='Codebook'!$F$21)) -> 0 | BU46: =IF(AC46="","",--(AC46='Codebook'!$F$22)) -> 1 | BV46: =IF(AD46="","",--(AD46='Codebook'!$F$23)) -> 0 | BW46: =IF(AE46="","",--(AE46='Codebook'!$F$24)) -> 0 | BX46: =IF(AF46="","",--(AF46='Codebook'!$F$25)) -> 0 | BY46: =IF(AG46="","",--(AG46='Codebook'!$F$26)) -> 0 | BZ46: =IF(AH46="","",--(AH46='Codebook'!$F$27)) -> 1 | CA46: =IF(AI46="","",--(AI46='Codebook'!$F$28)) -> 0 | CB46: =IF(AJ46="","",--(AJ46='Codebook'!$F$29)) -> 0 | CC46: =IF(AK46="","",--(AK46='Codebook'!$F$30)) -> 0 | CD46: =IF(AL46="","",--(AL46='Codebook'!$F$31)) -> 0 | CE46: =IF(AM46="","",--(AM46='Codebook'!$F$32)) -> 0 | CF46: =IF(AN46="","",--(AN46='Codebook'!$F$33)) -> 0 | CG46: =IF(AO46="","",--(AO46='Codebook'!$F$34)) -> 0 | CH46: =IF(AP46="","",--(AP46='Codebook'!$F$35)) -> 1 | CI46: =IF(AQ46="","",--(AQ46='Codebook'!$F$36)) -> 0 | CJ46: =IF(AR46="","",--(AR46='Codebook'!$F$37)) -> 0 | CK46: =IF(AS46="","",--(AS46='Codebook'!$F$38)) -> 0 | CL46: =IF(AT46="","",--(AT46='Codebook'!$F$39)) -> 0 | CM46: =IF(AU46="","",--(AU46='Codebook'!$F$40)) -> 0 | CN46: =IF(AV46="","",--(AV46='Codebook'!$F$41)) -> 0 | CO46: =IF(AW46="","",--(AW46='Codebook'!$F$42)) -> 0 | CP46: =IF(AX46="","",--(AX46='Codebook'!$F$43)) -> 0 | CQ46: =IF(AY46="","",--(AY46='Codebook'!$F$44)) -> 0 | CR46: =IF(AZ46="","",--(AZ46='Codebook'!$F$45)) -> 0
B47: 42 | C47: 46277.77 | D47: 25 | E47: Male | F47: 3rd year | G47: Public Health | H47: No | I47: =SUM(BL47:BU47) -> 7 | J47: =IF(COUNT(BV47:CD47)=9,SUM(BV47:CD47),"") -> 6 | K47: =SUM(BL47:CD47) -> 13 | L47: =--(K47>='Codebook'!$C$8) -> 1 | M47: =--(COUNT(BL47:CD47)=19) -> 1 | N47: =SUM(CE47:CL47) -> 4 | O47: =SUM(CM47:CR47) -> 0 | P47: =N47+O47 -> 4 | Q47: Yes | R47: Social media | S47: =--OR(Overview!$B$6="All",E47=Overview!$B$6)*--OR(Overview!$F$6="All",F47=Overview!$F$6)*--OR(Overview!$J$6="All",G47=Overview!$J$6)*--OR(Overview!$N$6="All",H47=Overview!$N$6) -> 1 | T47: True | U47: Not sure | V47: False | W47: Not sure | X47: Not sure | Y47: False | Z47: True | AA47: True | AB47: False | AC47: True | AD47: True | AE47: True | AF47: False | AG47: Not sure | AH47: True | AI47: Not sure | AJ47: Not sure | AK47: True | AL47: False | AM47: Not sure | AN47: Covered | AO47: Covered | AP47: Covered | AQ47: Covered | AR47: Not sure | AS47: Not sure | AT47: Not sure | AU47: Not sure | AV47: Not sure | AW47: Not sure | AX47: Not sure | AY47: Not sure | AZ47: Not sure | BA47: Social media (e.g. Facebook, WhatsApp, YouTube, X/Twitter), Family members, Friends or fellow students | BB47: Social Media | BC47: =--ISNUMBER(SEARCH("Radio or television",BA47)) -> 0 | BD47: =--ISNUMBER(SEARCH("Newspapers or print media",BA47)) -> 0 | BE47: =--ISNUMBER(SEARCH("Social media (e.g. Facebook, WhatsApp, YouTube, X/Twitter)",BA47)) -> 1 | BF47: =--ISNUMBER(SEARCH("Family members",BA47)) -> 1 | BG47: =--ISNUMBER(SEARCH("Friends or fellow students",BA47)) -> 1 | BH47: =--ISNUMBER(SEARCH("School coursework or lectures",BA47)) -> 0 | BI47: =--ISNUMBER(SEARCH("NHIMA outreach activities or NHIMA offices",BA47)) -> 0 | BJ47: =--ISNUMBER(SEARCH("Health facility staff",BA47)) -> 0 | BK47: =--ISNUMBER(SEARCH("not received information",BA47)) -> 0 | BL47: =IF(T47="","",--(T47='Codebook'!$F$13)) -> 1 | BM47: =IF(U47="","",--(U47='Codebook'!$F$14)) -> 0 | BN47: =IF(V47="","",--(V47='Codebook'!$F$15)) -> 1 | BO47: =IF(W47="","",--(W47='Codebook'!$F$16)) -> 0 | BP47: =IF(X47="","",--(X47='Codebook'!$F$17)) -> 0 | BQ47: =IF(Y47="","",--(Y47='Codebook'!$F$18)) -> 1 | BR47: =IF(Z47="","",--(Z47='Codebook'!$F$19)) -> 1 | BS47: =IF(AA47="","",--(AA47='Codebook'!$F$20)) -> 1 | BT47: =IF(AB47="","",--(AB47='Codebook'!$F$21)) -> 1 | BU47: =IF(AC47="","",--(AC47='Codebook'!$F$22)) -> 1 | BV47: =IF(AD47="","",--(AD47='Codebook'!$F$23)) -> 1 | BW47: =IF(AE47="","",--(AE47='Codebook'!$F$24)) -> 1 | BX47: =IF(AF47="","",--(AF47='Codebook'!$F$25)) -> 1 | BY47: =IF(AG47="","",--(AG47='Codebook'!$F$26)) -> 0 | BZ47: =IF(AH47="","",--(AH47='Codebook'!$F$27)) -> 1 | CA47: =IF(AI47="","",--(AI47='Codebook'!$F$28)) -> 0 | CB47: =IF(AJ47="","",--(AJ47='Codebook'!$F$29)) -> 0 | CC47: =IF(AK47="","",--(AK47='Codebook'!$F$30)) -> 1 | CD47: =IF(AL47="","",--(AL47='Codebook'!$F$31)) -> 1 | CE47: =IF(AM47="","",--(AM47='Codebook'!$F$32)) -> 0 | CF47: =IF(AN47="","",--(AN47='Codebook'!$F$33)) -> 1 | CG47: =IF(AO47="","",--(AO47='Codebook'!$F$34)) -> 1 | CH47: =IF(AP47="","",--(AP47='Codebook'!$F$35)) -> 1 | CI47: =IF(AQ47="","",--(AQ47='Codebook'!$F$36)) -> 1 | CJ47: =IF(AR47="","",--(AR47='Codebook'!$F$37)) -> 0 | CK47: =IF(AS47="","",--(AS47='Codebook'!$F$38)) -> 0 | CL47: =IF(AT47="","",--(AT47='Codebook'!$F$39)) -> 0 | CM47: =IF(AU47="","",--(AU47='Codebook'!$F$40)) -> 0 | CN47: =IF(AV47="","",--(AV47='Codebook'!$F$41)) -> 0 | CO47: =IF(AW47="","",--(AW47='Codebook'!$F$42)) -> 0 | CP47: =IF(AX47="","",--(AX47='Codebook'!$F$43)) -> 0 | CQ47: =IF(AY47="","",--(AY47='Codebook'!$F$44)) -> 0 | CR47: =IF(AZ47="","",--(AZ47='Codebook'!$F$45)) -> 0
B48: 43 | C48: 46277.811 | D48: 21 | E48: Female | F48: 2nd year | G48: Pharmacy | H48: No | I48: =SUM(BL48:BU48) -> 10 | J48: =IF(COUNT(BV48:CD48)=9,SUM(BV48:CD48),"") -> 7 | K48: =SUM(BL48:CD48) -> 17 | L48: =--(K48>='Codebook'!$C$8) -> 1 | M48: =--(COUNT(BL48:CD48)=19) -> 1 | N48: =SUM(CE48:CL48) -> 6 | O48: =SUM(CM48:CR48) -> 6 | P48: =N48+O48 -> 12 | Q48: Yes | R48: Family | S48: =--OR(Overview!$B$6="All",E48=Overview!$B$6)*--OR(Overview!$F$6="All",F48=Overview!$F$6)*--OR(Overview!$J$6="All",G48=Overview!$J$6)*--OR(Overview!$N$6="All",H48=Overview!$N$6) -> 1 | T48: True | U48: False | V48: False | W48: True | X48: True | Y48: False | Z48: True | AA48: True | AB48: False | AC48: True | AD48: True | AE48: Not sure | AF48: False | AG48: False | AH48: True | AI48: False | AJ48: False | AK48: True | AL48: False | AM48: Covered | AN48: Covered | AO48: Covered | AP48: Covered | AQ48: Covered | AR48: Covered | AS48: Not sure | AT48: Not sure | AU48: Not covered | AV48: Not covered | AW48: Not covered | AX48: Not covered | AY48: Not covered | AZ48: Not covered | BA48: Radio or television, Social media (e.g. Facebook, WhatsApp, YouTube, X/Twitter), Family members, Friends or fellow students, School coursework or lectures | BB48: Family | BC48: =--ISNUMBER(SEARCH("Radio or television",BA48)) -> 1 | BD48: =--ISNUMBER(SEARCH("Newspapers or print media",BA48)) -> 0 | BE48: =--ISNUMBER(SEARCH("Social media (e.g. Facebook, WhatsApp, YouTube, X/Twitter)",BA48)) -> 1 | BF48: =--ISNUMBER(SEARCH("Family members",BA48)) -> 1 | BG48: =--ISNUMBER(SEARCH("Friends or fellow students",BA48)) -> 1 | BH48: =--ISNUMBER(SEARCH("School coursework or lectures",BA48)) -> 1 | BI48: =--ISNUMBER(SEARCH("NHIMA outreach activities or NHIMA offices",BA48)) -> 0 | BJ48: =--ISNUMBER(SEARCH("Health facility staff",BA48)) -> 0 | BK48: =--ISNUMBER(SEARCH("not received information",BA48)) -> 0 | BL48: =IF(T48="","",--(T48='Codebook'!$F$13)) -> 1 | BM48: =IF(U48="","",--(U48='Codebook'!$F$14)) -> 1 | BN48: =IF(V48="","",--(V48='Codebook'!$F$15)) -> 1 | BO48: =IF(W48="","",--(W48='Codebook'!$F$16)) -> 1 | BP48: =IF(X48="","",--(X48='Codebook'!$F$17)) -> 1 | BQ48: =IF(Y48="","",--(Y48='Codebook'!$F$18)) -> 1 | BR48: =IF(Z48="","",--(Z48='Codebook'!$F$19)) -> 1 | BS48: =IF(AA48="","",--(AA48='Codebook'!$F$20)) -> 1 | BT48: =IF(AB48="","",--(AB48='Codebook'!$F$21)) -> 1 | BU48: =IF(AC48="","",--(AC48='Codebook'!$F$22)) -> 1 | BV48: =IF(AD48="","",--(AD48='Codebook'!$F$23)) -> 1 | BW48: =IF(AE48="","",--(AE48='Codebook'!$F$24)) -> 0 | BX48: =IF(AF48="","",--(AF48='Codebook'!$F$25)) -> 1 | BY48: =IF(AG48="","",--(AG48='Codebook'!$F$26)) -> 0 | BZ48: =IF(AH48="","",--(AH48='Codebook'!$F$27)) -> 1 | CA48: =IF(AI48="","",--(AI48='Codebook'!$F$28)) -> 1 | CB48: =IF(AJ48="","",--(AJ48='Codebook'!$F$29)) -> 1 | CC48: =IF(AK48="","",--(AK48='Codebook'!$F$30)) -> 1 | CD48: =IF(AL48="","",--(AL48='Codebook'!$F$31)) -> 1 | CE48: =IF(AM48="","",--(AM48='Codebook'!$F$32)) -> 1 | CF48: =IF(AN48="","",--(AN48='Codebook'!$F$33)) -> 1 | CG48: =IF(AO48="","",--(AO48='Codebook'!$F$34)) -> 1 | CH48: =IF(AP48="","",--(AP48='Codebook'!$F$35)) -> 1 | CI48: =IF(AQ48="","",--(AQ48='Codebook'!$F$36)) -> 1 | CJ48: =IF(AR48="","",--(AR48='Codebook'!$F$37)) -> 1 | CK48: =IF(AS48="","",--(AS48='Codebook'!$F$38)) -> 0 | CL48: =IF(AT48="","",--(AT48='Codebook'!$F$39)) -> 0 | CM48: =IF(AU48="","",--(AU48='Codebook'!$F$40)) -> 1 | CN48: =IF(AV48="","",--(AV48='Codebook'!$F$41)) -> 1 | CO48: =IF(AW48="","",--(AW48='Codebook'!$F$42)) -> 1 | CP48: =IF(AX48="","",--(AX48='Codebook'!$F$43)) -> 1 | CQ48: =IF(AY48="","",--(AY48='Codebook'!$F$44)) -> 1 | CR48: =IF(AZ48="","",--(AZ48='Codebook'!$F$45)) -> 1
B49: 44 | C49: 46277.902 | D49: 24 | E49: Female | F49: 4th year | G49: Public Health | H49: Yes | I49: =SUM(BL49:BU49) -> 10 | J49: =IF(COUNT(BV49:CD49)=9,SUM(BV49:CD49),"") -> 5 | K49: =SUM(BL49:CD49) -> 15 | L49: =--(K49>='Codebook'!$C$8) -> 1 | M49: =--(COUNT(BL49:CD49)=19) -> 1 | N49: =SUM(CE49:CL49) -> 2 | O49: =SUM(CM49:CR49) -> 2 | P49: =N49+O49 -> 4 | Q49: Yes | R49: Missing | S49: =--OR(Overview!$B$6="All",E49=Overview!$B$6)*--OR(Overview!$F$6="All",F49=Overview!$F$6)*--OR(Overview!$J$6="All",G49=Overview!$J$6)*--OR(Overview!$N$6="All",H49=Overview!$N$6) -> 1 | T49: True | U49: False | V49: False | W49: True | X49: True | Y49: False | Z49: True | AA49: True | AB49: False | AC49: True | AD49: Not sure | AE49: Not sure | AF49: False | AG49: Not sure | AH49: True | AI49: False | AJ49: Not sure | AK49: True | AL49: False | AM49: Not sure | AN49: Covered | AO49: Covered | AP49: Not sure | AQ49: Not sure | AR49: Not sure | AS49: Not sure | AT49: Not sure | AU49: Not covered | AV49: Not sure | AW49: Not sure | AX49: Not sure | AY49: Not covered | AZ49: Not sure | BA49: Friends or fellow students, Health facility staff | BC49: =--ISNUMBER(SEARCH("Radio or television",BA49)) -> 0 | BD49: =--ISNUMBER(SEARCH("Newspapers or print media",BA49)) -> 0 | BE49: =--ISNUMBER(SEARCH("Social media (e.g. Facebook, WhatsApp, YouTube, X/Twitter)",BA49)) -> 0 | BF49: =--ISNUMBER(SEARCH("Family members",BA49)) -> 0 | BG49: =--ISNUMBER(SEARCH("Friends or fellow students",BA49)) -> 1 | BH49: =--ISNUMBER(SEARCH("School coursework or lectures",BA49)) -> 0 | BI49: =--ISNUMBER(SEARCH("NHIMA outreach activities or NHIMA offices",BA49)) -> 0 | BJ49: =--ISNUMBER(SEARCH("Health facility staff",BA49)) -> 1 | BK49: =--ISNUMBER(SEARCH("not received information",BA49)) -> 0 | BL49: =IF(T49="","",--(T49='Codebook'!$F$13)) -> 1 | BM49: =IF(U49="","",--(U49='Codebook'!$F$14)) -> 1 | BN49: =IF(V49="","",--(V49='Codebook'!$F$15)) -> 1 | BO49: =IF(W49="","",--(W49='Codebook'!$F$16)) -> 1 | BP49: =IF(X49="","",--(X49='Codebook'!$F$17)) -> 1 | BQ49: =IF(Y49="","",--(Y49='Codebook'!$F$18)) -> 1 | BR49: =IF(Z49="","",--(Z49='Codebook'!$F$19)) -> 1 | BS49: =IF(AA49="","",--(AA49='Codebook'!$F$20)) -> 1 | BT49: =IF(AB49="","",--(AB49='Codebook'!$F$21)) -> 1 | BU49: =IF(AC49="","",--(AC49='Codebook'!$F$22)) -> 1 | BV49: =IF(AD49="","",--(AD49='Codebook'!$F$23)) -> 0 | BW49: =IF(AE49="","",--(AE49='Codebook'!$F$24)) -> 0 | BX49: =IF(AF49="","",--(AF49='Codebook'!$F$25)) -> 1 | BY49: =IF(AG49="","",--(AG49='Codebook'!$F$26)) -> 0 | BZ49: =IF(AH49="","",--(AH49='Codebook'!$F$27)) -> 1 | CA49: =IF(AI49="","",--(AI49='Codebook'!$F$28)) -> 1 | CB49: =IF(AJ49="","",--(AJ49='Codebook'!$F$29)) -> 0 | CC49: =IF(AK49="","",--(AK49='Codebook'!$F$30)) -> 1 | CD49: =IF(AL49="","",--(AL49='Codebook'!$F$31)) -> 1 | CE49: =IF(AM49="","",--(AM49='Codebook'!$F$32)) -> 0 | CF49: =IF(AN49="","",--(AN49='Codebook'!$F$33)) -> 1 | CG49: =IF(AO49="","",--(AO49='Codebook'!$F$34)) -> 1 | CH49: =IF(AP49="","",--(AP49='Codebook'!$F$35)) -> 0 | CI49: =IF(AQ49="","",--(AQ49='Codebook'!$F$36)) -> 0 | CJ49: =IF(AR49="","",--(AR49='Codebook'!$F$37)) -> 0 | CK49: =IF(AS49="","",--(AS49='Codebook'!$F$38)) -> 0 | CL49: =IF(AT49="","",--(AT49='Codebook'!$F$39)) -> 0 | CM49: =IF(AU49="","",--(AU49='Codebook'!$F$40)) -> 1 | CN49: =IF(AV49="","",--(AV49='Codebook'!$F$41)) -> 0 | CO49: =IF(AW49="","",--(AW49='Codebook'!$F$42)) -> 0 | CP49: =IF(AX49="","",--(AX49='Codebook'!$F$43)) -> 0 | CQ49: =IF(AY49="","",--(AY49='Codebook'!$F$44)) -> 1 | CR49: =IF(AZ49="","",--(AZ49='Codebook'!$F$45)) -> 0
